timestamp,Zone,Shift,Pressure_PSI,Temperature_C,Flow_Rate_LPM
2026-06-25 00:10:00,ZONE_SOUTH,Morning,222.8442480095784,53.39306332362246,760.0393865171
2026-06-25 00:22:00,ZONE_EAST,Night,248.25911775712535,53.22899310118665,894.4310392935245
2026-06-25 00:24:00,ZONE_CENTRAL,Afternoon,220.8668189410167,57.467330273838456,981.7420872889622
2026-06-25 00:26:00,ZONE_SOUTH,Night,166.86803254449967,57.31171022191699,945.9840003375418
2026-06-25 00:28:00,ZONE_WEST,Morning,179.7664474102873,56.56025338937854,1180.5326109520072
2026-06-25 00:36:00,ZONE_NORTH,Night,234.22414934345568,58.117982732859446,1214.0760946025412
2026-06-25 00:54:00,ZONE_SOUTH,Morning,275.62025670920843,45.49553287615024,1034.756150833514
2026-06-25 01:08:00,ZONE_EAST,Morning,184.42739332063965,45.328028377105824,693.5308577404732
2026-06-25 01:12:00,ZONE_EAST,Afternoon,250.14510297034877,47.729507324121634,1292.7727628006564
2026-06-25 01:14:00,ZONE_CENTRAL,Afternoon,238.8530042345104,55.90377145519942,1355.789432227141
2026-06-25 01:22:00,ZONE_NORTH,Morning,212.1854927721546,46.96233469634573,992.7400751890646
2026-06-25 01:24:00,ZONE_WEST,Night,208.58845336630932,49.14415478278208,752.2817826882508
2026-06-25 01:26:00,ZONE_SOUTH,Night,150.14160149357969,50.143472517250935,878.7381182312745
2026-06-25 01:28:00,ZONE_SOUTH,Night,128.9994710904276,48.656575070787646,1174.3444198675984
2026-06-25 01:30:00,ZONE_NORTH,Afternoon,132.91335267103776,52.12937693077289,773.9383769073705
2026-06-25 01:40:00,ZONE_WEST,Morning,273.6909658117496,53.00065045063306,614.0380502581203
2026-06-25 01:44:00,ZONE_WEST,Afternoon,201.45309257063536,58.99990091430473,1094.322852453147
2026-06-25 01:52:00,ZONE_WEST,Night,140.50961764785566,47.68270606161156,1077.1012941546053
2026-06-25 01:56:00,ZONE_WEST,Afternoon,219.13091596458557,49.80362826286205,950.2606493075236
2026-06-25 01:58:00,ZONE_SOUTH,Afternoon,228.08517897920908,45.22652002103187,1054.3364026187264
2026-06-25 02:00:00,ZONE_SOUTH,Morning,244.3732022531509,47.071337757722695,994.6337408700454
2026-06-25 02:06:00,ZONE_SOUTH,Afternoon,122.1627634719552,54.03297551056135,1032.5679639329576
2026-06-25 02:26:00,ZONE_SOUTH,Morning,224.7633141763341,55.08022684845531,988.9317507629188
2026-06-25 02:28:00,ZONE_CENTRAL,Morning,182.4137662048342,58.05890919274482,854.1980516385021
2026-06-25 02:30:00,ZONE_SOUTH,Morning,151.1276751519858,48.11293858548664,711.8215727505144
2026-06-25 02:34:00,ZONE_WEST,Night,144.66360389381347,50.92443699556092,635.9085483973785
2026-06-25 02:50:00,ZONE_NORTH,Morning,167.73403897399982,51.61297735922168,1268.47522418897
2026-06-25 03:02:00,ZONE_NORTH,Morning,229.42027858612903,45.58895567445326,712.2735781744367
2026-06-25 03:06:00,ZONE_EAST,Night,244.47112439525137,48.66140469931223,642.3646403610596
2026-06-25 03:08:00,ZONE_NORTH,Morning,254.61435504096767,55.39003744410303,1076.006737357359
2026-06-25 03:14:00,ZONE_SOUTH,Night,165.26174556581844,45.63097559085784,774.5399810223777
2026-06-25 03:26:00,ZONE_SOUTH,Morning,149.30712438852683,49.79824830992768,630.9294514573908
2026-06-25 03:30:00,ZONE_CENTRAL,Morning,209.5989874341693,50.13442451580792,718.9503157616506
2026-06-25 03:38:00,ZONE_EAST,Afternoon,122.94095836403872,45.14864401087936,688.4966561858307
2026-06-25 03:48:00,ZONE_NORTH,Night,195.0464074665541,57.1541432347289,1149.738954087602
2026-06-25 03:52:00,ZONE_SOUTH,Morning,213.6124506197146,52.59147109738306,998.6863474355504
2026-06-25 03:54:00,ZONE_EAST,Night,202.1072026128903,52.47488857613822,651.7633574718809
2026-06-25 04:00:00,ZONE_SOUTH,Night,131.3888378108938,49.81599866725152,928.1314520334428
2026-06-25 04:02:00,ZONE_WEST,Morning,134.32323148749478,49.91159607616893,1091.4659812678328
2026-06-25 04:06:00,ZONE_EAST,Afternoon,176.9269004513589,55.80383009134582,903.105903640988
2026-06-25 04:12:00,ZONE_CENTRAL,Afternoon,230.0656146328519,52.14211437139666,712.9134411805949
2026-06-25 04:14:00,ZONE_WEST,Afternoon,258.2327715215217,45.052585337225054,909.8072322035472
2026-06-25 04:30:00,ZONE_EAST,Morning,143.7573092808455,55.603656077098,1184.5879219245492
2026-06-25 04:44:00,ZONE_WEST,Afternoon,154.58015973580194,52.55033911736416,1037.4692082159893
2026-06-25 04:46:00,ZONE_WEST,Morning,149.34485577755834,47.52067115501483,823.0804240694118
2026-06-25 04:50:00,ZONE_WEST,Night,250.8104527271355,45.62442489030917,1388.8574962710836
2026-06-25 04:52:00,ZONE_WEST,Night,254.87199890225716,57.73189543333343,803.4792809581104
2026-06-25 04:54:00,ZONE_EAST,Morning,203.2729747423013,59.72085877756903,1244.9969196687462
2026-06-25 05:00:00,ZONE_NORTH,Morning,125.62794104505544,57.15603507889873,1365.7884891872218
2026-06-25 05:02:00,ZONE_NORTH,Afternoon,265.89145498187884,55.609099815144845,989.293673841594
2026-06-25 05:04:00,ZONE_NORTH,Morning,244.05310878174657,50.17523724270165,1139.3344324453235
2026-06-25 05:08:00,ZONE_EAST,Morning,240.57762103647795,51.14697224854483,983.6291560344212
2026-06-25 05:12:00,ZONE_WEST,Morning,243.5343238210056,51.20639115753398,854.923803253881
2026-06-25 05:18:00,ZONE_EAST,Afternoon,146.91377478936664,46.70098534076371,960.91191960084
2026-06-25 05:34:00,ZONE_EAST,Afternoon,166.51556921930643,59.331976540783295,1349.3648347057804
2026-06-25 05:36:00,ZONE_NORTH,Afternoon,277.3970966395209,48.43369110482329,756.9126390887989
2026-06-25 05:56:00,ZONE_CENTRAL,Morning,253.5086591849188,58.94799236556741,1369.0383793063545
2026-06-25 05:58:00,ZONE_NORTH,Afternoon,253.28099443217377,58.06836859921531,860.5187892050704
2026-06-25 06:04:00,ZONE_NORTH,Afternoon,173.78564123912318,53.48645051724117,682.2515089848429
2026-06-25 06:06:00,ZONE_SOUTH,Afternoon,169.3550740132298,53.07752647767464,850.0557868183657
2026-06-25 06:18:00,ZONE_EAST,,207.06930383628827,47.29740776779775,1072.1333902501665
2026-06-25 06:28:00,ZONE_WEST,Afternoon,132.96953022041652,45.62866332077151,1000.7694610874914
2026-06-25 06:32:00,ZONE_EAST,Night,159.93995270569334,46.01350611791867,1397.0172542425637
2026-06-25 06:42:00,NAN,Morning,269.3327070586156,57.93709421288861,909.1920848468116
2026-06-25 06:48:00,ZONE_WEST,Night,147.24146434006974,48.75855181641531,603.7126603984055
2026-06-25 06:54:00,ZONE_EAST,Afternoon,216.5737260253129,56.965211825249774,1247.331043958221
2026-06-25 07:04:00,ZONE_EAST,Morning,201.01608852493,57.4404135395704,1304.3029801489392
2026-06-25 07:06:00,ZONE_SOUTH,Night,275.44261708866225,57.24233811700579,1279.7925825163002
2026-06-25 07:14:00,ZONE_WEST,Morning,229.03361846804356,53.993542988718985,1065.7305568786962
2026-06-25 07:18:00,ZONE_NORTH,Night,261.3973422130219,55.02053892655566,984.6502314374128
2026-06-25 07:20:00,ZONE_SOUTH,Afternoon,209.83647099786828,48.20368643520982,671.3363817491067
2026-06-25 07:24:00,ZONE_EAST,Morning,155.89906811175777,59.96322989152813,1321.8252563524989
2026-06-25 07:26:00,NAN,Night,199.01587131329603,55.81736479928752,1104.149151296959
2026-06-25 07:28:00,ZONE_NORTH,Night,273.8563240919806,56.87979564557666,809.853771598405
2026-06-25 07:30:00,ZONE_NORTH,Night,243.1427462213847,59.41647225405113,823.440311370765
2026-06-25 07:36:00,ZONE_EAST,Night,207.8829589357508,47.85604804347628,953.0593367880756
2026-06-25 07:44:00,ZONE_WEST,Night,235.38548291422035,58.66838748520912,1159.7491359478147
2026-06-25 07:50:00,ZONE_SOUTH,Afternoon,268.9744464812824,55.902925436547264,1156.0575615476127
2026-06-25 07:58:00,ZONE_CENTRAL,Morning,255.35444097576533,57.97030348065452,1364.3293552632235
2026-06-25 08:00:00,ZONE_EAST,Night,188.4009125941386,54.430127200191336,1325.4497200771586
2026-06-25 08:02:00,ZONE_NORTH,Night,163.55848680096716,58.234675881829126,1231.5008619020073
2026-06-25 08:06:00,ZONE_EAST,Morning,253.74967840264128,58.32293184211766,788.1106464158163
2026-06-25 08:14:00,ZONE_NORTH,Morning,125.8607516158111,52.73514439516221,994.41236936075
2026-06-25 08:20:00,ZONE_NORTH,Afternoon,252.9227821751617,46.97940054215484,836.2449667528253
2026-06-25 08:30:00,ZONE_EAST,Night,239.74501510480604,56.850793438178776,671.0811880571447
2026-06-25 08:36:00,ZONE_SOUTH,Night,158.14834863255737,57.255241477451584,656.0877114182734
2026-06-25 08:40:00,ZONE_SOUTH,Night,216.59908617012104,45.78529085550613,868.29942790362
2026-06-25 08:48:00,ZONE_WEST,Afternoon,256.8942230520901,49.58757271243034,905.6867762442616
2026-06-25 08:52:00,ZONE_WEST,Night,160.83718949508534,57.09871307939384,610.3813365201913
2026-06-25 09:00:00,ZONE_EAST,Night,211.78045727086527,56.75347822487842,1032.797217131784
2026-06-25 09:16:00,ZONE_EAST,Afternoon,253.15825707335063,56.4063611804027,632.537614696092
2026-06-25 09:20:00,ZONE_SOUTH,Night,237.30448369705368,50.23454103773515,1144.3373011405183
2026-06-25 09:28:00,ZONE_NORTH,Morning,233.0749723271296,57.43648115448713,1087.5571257405377
2026-06-25 09:32:00,ZONE_WEST,Morning,185.93545099329836,51.47093425538813,662.7748893952438
2026-06-25 09:34:00,ZONE_SOUTH,Morning,155.8045418033562,59.77283776846703,958.6217166645844
2026-06-25 09:36:00,ZONE_EAST,Night,269.20577372835584,48.947236699355095,678.0780318789925
2026-06-25 09:40:00,ZONE_EAST,Afternoon,220.8716985052784,48.83071544798508,1375.1525684060798
2026-06-25 09:42:00,ZONE_NORTH,Night,237.4835248849145,51.41378575620663,1055.666366226474
2026-06-25 09:44:00,ZONE_NORTH,Afternoon,179.37697457592623,48.41867205949925,788.1350956493493
2026-06-25 09:52:00,ZONE_CENTRAL,Morning,198.27678403273808,47.87557818400054,1092.1057478506807
2026-06-25 10:02:00,ZONE_CENTRAL,Morning,191.0963513755992,54.34762861772381,1297.5938991977068
2026-06-25 10:08:00,ZONE_EAST,Night,256.0275112328076,48.58831805758524,998.1105694701536
2026-06-25 10:14:00,ZONE_WEST,Afternoon,249.66985369850005,56.00696107610332,623.66627563619
2026-06-25 10:30:00,ZONE_SOUTH,Night,266.31067671797416,50.06225371976953,1228.0784071608202
2026-06-25 10:40:00,ZONE_SOUTH,Afternoon,248.9195027484992,0.0,1063.9150645994248
2026-06-25 10:42:00,ZONE_SOUTH,Night,216.4018181719566,51.07970245778709,1106.063491376229
2026-06-25 10:44:00,ZONE_SOUTH,Afternoon,167.33163497309812,51.96728826611712,894.5308110810299
2026-06-25 10:46:00,ZONE_NORTH,Afternoon,262.11347091426387,49.01979036959016,1187.6161262779465
2026-06-25 11:12:00,ZONE_NORTH,Night,228.96801787687124,48.863063228226565,811.0275296454525
2026-06-25 11:14:00,ZONE_WEST,Night,228.96801787687124,46.59944515191364,1160.4790487585292
2026-06-25 11:20:00,ZONE_NORTH,Night,138.0277642615664,48.15396122282502,955.9200398564304
2026-06-25 11:22:00,ZONE_WEST,Night,212.3013239963113,56.476141956484085,735.2010771412025
2026-06-25 11:24:00,ZONE_EAST,Night,126.55224514391676,57.88128823901948,968.8078790716968
2026-06-25 11:28:00,ZONE_SOUTH,Morning,261.8189835352865,56.139298241711565,864.7615351653203
2026-06-25 11:30:00,ZONE_SOUTH,Afternoon,254.05972321909803,48.82594398224027,1008.206256960072
2026-06-25 11:32:00,ZONE_EAST,Afternoon,261.2450719402395,51.594269637862006,704.1713026629648
2026-06-25 11:34:00,ZONE_NORTH,Afternoon,267.5278083403372,51.95791206416773,961.7504836100692
2026-06-25 11:38:00,ZONE_CENTRAL,Night,140.5995524601141,56.37278747913166,639.2709999591925
2026-06-25 11:46:00,ZONE_WEST,Morning,127.4019067744,55.91290675520809,719.186206727994
2026-06-25 11:48:00,ZONE_SOUTH,Morning,176.92385347210563,51.33492082116801,810.0220567274331
2026-06-25 11:50:00,ZONE_EAST,Morning,154.06308074559894,47.08151350778242,889.0715358155875
2026-06-25 11:52:00,ZONE_WEST,Morning,240.9545358289997,54.638386491251225,714.9411490838162
2026-06-25 11:56:00,ZONE_NORTH,Afternoon,139.18208503741528,48.41032898547442,1301.7278416144088
2026-06-25 11:58:00,ZONE_CENTRAL,Afternoon,197.36353077839544,54.78807380598634,609.4662687038177
2026-06-25 12:04:00,ZONE_WEST,Night,123.20843356544135,47.780861610127815,825.6066694184449
2026-06-25 12:06:00,ZONE_CENTRAL,Morning,262.4751318374224,46.90732576999053,1178.256240891758
2026-06-25 12:08:00,ZONE_SOUTH,Night,211.0850212720839,47.44491501303067,716.980599374331
2026-06-25 12:20:00,ZONE_SOUTH,Night,145.02830701145905,54.89378684573376,634.4647760047399
2026-06-25 12:34:00,ZONE_SOUTH,Afternoon,125.0313528094316,49.29994548437716,1030.4175705085402
2026-06-25 12:38:00,ZONE_CENTRAL,Afternoon,253.7252913367362,51.37229929007744,721.3629157212164
2026-06-25 12:42:00,ZONE_CENTRAL,Night,242.38061281415497,53.73692514652238,1144.5588768644614
2026-06-25 12:56:00,ZONE_NORTH,Night,203.63690848909675,51.02638952830674,1296.4806740605693
2026-06-25 13:00:00,ZONE_NORTH,Afternoon,162.7038860958035,51.68160654480074,988.5930852934836
2026-06-25 13:02:00,ZONE_CENTRAL,Morning,268.72091285890383,53.91139856839841,1368.5934573829352
2026-06-25 13:04:00,ZONE_CENTRAL,Morning,147.59142223581745,50.12220553987522,978.8814411957476
2026-06-25 13:10:00,ZONE_CENTRAL,Morning,238.3394695444792,55.09790078439438,1308.0672954987572
2026-06-25 13:12:00,ZONE_CENTRAL,Night,199.87886520396395,59.95013681691813,1363.9064310140402
2026-06-25 13:20:00,ZONE_EAST,Night,235.0385210965173,53.56000197744459,746.1511479258735
2026-06-25 13:24:00,ZONE_NORTH,Afternoon,238.1362043393912,54.1044231456709,647.813286113077
2026-06-25 13:32:00,ZONE_NORTH,Morning,140.29502830281555,49.73606336566012,1054.2571044003766
2026-06-25 13:34:00,ZONE_WEST,Afternoon,193.9080326729176,55.02623920166278,1398.9786036301712
2026-06-25 13:36:00,ZONE_CENTRAL,Night,255.16667805854584,50.589626382574174,1362.4416577613129
2026-06-25 13:40:00,ZONE_SOUTH,Morning,162.34392079980182,56.36543456821594,971.6596536322028
2026-06-25 13:44:00,ZONE_CENTRAL,Morning,135.99763959740426,49.34835918512605,1012.475044203482
2026-06-25 13:48:00,ZONE_NORTH,Afternoon,209.66383261119088,46.8281929855435,918.7610433969512
2026-06-25 13:50:00,ZONE_CENTRAL,Afternoon,231.17241269250013,53.0807134928957,1354.1184867462007
2026-06-25 13:58:00,ZONE_WEST,Afternoon,196.7230779378166,46.99930860310207,1081.8913393019775
2026-06-25 14:04:00,ZONE_SOUTH,Morning,172.27024360507974,57.66112600791879,1391.6398330598618
2026-06-25 14:10:00,ZONE_SOUTH,Afternoon,213.0984426407533,48.696844018127145,976.2590604367836
2026-06-25 14:16:00,ZONE_CENTRAL,Afternoon,231.24134412086937,47.2551276516221,1219.0606375138643
2026-06-25 14:20:00,ZONE_SOUTH,Morning,222.3640322512676,48.33510251594513,808.9019692472642
2026-06-25 14:26:00,ZONE_EAST,Afternoon,148.38551521938916,51.89796534292274,1234.2428278129953
2026-06-25 14:28:00,ZONE_WEST,Morning,137.54180520562983,45.82965371224803,948.6615290557006
2026-06-25 14:30:00,ZONE_WEST,Morning,210.7252453601964,46.26324048585683,705.5317267285783
2026-06-25 14:36:00,ZONE_WEST,Night,187.4486797148855,49.83361805335837,1281.6413470760067
2026-06-25 14:38:00,ZONE_NORTH,Afternoon,233.20567003927096,53.8513626365983,1113.39460338014
2026-06-25 14:40:00,ZONE_NORTH,Night,194.0300530700523,58.09039780678129,740.8262408640006
2026-06-25 14:42:00,ZONE_CENTRAL,Night,249.03935137683925,53.72307128244612,726.9621698866691
2026-06-25 15:00:00,ZONE_EAST,Night,212.77347812497447,48.338877781656194,1241.9222253775897
2026-06-25 15:02:00,ZONE_WEST,Night,146.00250316113846,45.225390394457165,1103.490051096094
2026-06-25 15:04:00,ZONE_CENTRAL,Morning,227.87161965838877,46.19199054918333,1230.376213926611
2026-06-25 15:10:00,ZONE_SOUTH,Afternoon,278.35785563396337,59.68299802980138,641.883560148639
2026-06-25 15:16:00,ZONE_SOUTH,Morning,127.42938487724996,48.79083566368078,1181.545837305178
2026-06-25 15:18:00,ZONE_EAST,Afternoon,122.19731009321252,57.86353056896196,1179.364658156759
2026-06-25 15:20:00,ZONE_NORTH,Afternoon,267.4270935802124,45.77740620729208,816.1176643952876
2026-06-25 15:22:00,ZONE_SOUTH,Afternoon,140.57984967027073,49.42822755226044,1033.9533671054662
2026-06-25 15:42:00,ZONE_CENTRAL,Morning,122.32546164255852,59.53388933859378,1210.6717088266214
2026-06-25 15:46:00,ZONE_CENTRAL,Afternoon,212.3474602598394,56.945840543469664,1264.260544475761
2026-06-25 15:52:00,ZONE_WEST,Afternoon,277.2126276787527,56.06489108374805,1224.0591484986326
2026-06-25 15:58:00,ZONE_CENTRAL,Afternoon,254.46405303829448,57.3717225489212,752.5588238299478
2026-06-25 16:00:00,ZONE_NORTH,Afternoon,223.68506517293787,51.46350007032273,1332.4936736591194
2026-06-25 16:10:00,ZONE_EAST,Afternoon,267.7989010026638,58.716786345195175,784.7918985599617
2026-06-25 16:12:00,ZONE_NORTH,Morning,156.7690146276264,52.74533701520855,1044.6369929154382
2026-06-25 16:14:00,ZONE_EAST,Afternoon,239.9226264250849,52.93621455975616,1246.314685547604
2026-06-25 16:20:00,ZONE_NORTH,Morning,189.9756115892152,53.25355514328356,871.4500769544643
2026-06-25 16:22:00,ZONE_CENTRAL,Afternoon,269.22257000863755,50.80261578561694,1023.8147740243842
2026-06-25 16:24:00,ZONE_WEST,Morning,221.1955523858364,49.82749220647891,1133.5352156599756
2026-06-25 16:28:00,ZONE_CENTRAL,Afternoon,222.152811304343,45.004745796434,1395.5863059617072
2026-06-25 16:30:00,ZONE_NORTH,Night,165.890519553125,45.73277370414175,1051.0201587437127
2026-06-25 16:46:00,ZONE_EAST,Night,272.742425714597,51.498408553473325,758.085265112687
2026-06-25 16:52:00,ZONE_WEST,Night,152.5460803517304,52.77865378630778,740.0623561444064
2026-06-25 16:56:00,ZONE_CENTRAL,Night,143.50306622606925,56.02032079727981,1068.8047624276956
2026-06-25 17:00:00,ZONE_EAST,Afternoon,149.85255988058262,59.9932227835012,804.0891097331507
2026-06-25 17:02:00,ZONE_WEST,Afternoon,163.09755210616603,54.76817892751795,1042.429482766849
2026-06-25 17:12:00,ZONE_SOUTH,Afternoon,180.99679244398027,51.34223873166648,1124.145450941494
2026-06-25 17:18:00,ZONE_EAST,Morning,201.03302032584224,49.35146435538243,729.0986972118635
2026-06-25 17:26:00,ZONE_EAST,Night,218.41460597919811,49.02342626386496,1250.8892122768934
2026-06-25 17:34:00,ZONE_NORTH,Afternoon,213.863412443988,52.14431637294611,622.5472418760935
2026-06-25 17:40:00,ZONE_SOUTH,Afternoon,131.2588972649647,53.01281944295285,1252.3269130579806
2026-06-25 17:46:00,ZONE_CENTRAL,Afternoon,206.55779768449335,53.53989575643983,1129.6076516912372
2026-06-25 17:48:00,ZONE_EAST,Morning,234.4427332014791,56.65756333208511,1041.282292787275
2026-06-25 17:54:00,ZONE_EAST,Morning,268.733295135611,57.726907659937055,738.688809977547
2026-06-25 17:56:00,ZONE_SOUTH,Night,149.47518388741747,50.95427215799761,1323.9838670290912
2026-06-25 18:02:00,ZONE_SOUTH,Afternoon,184.83441972788455,49.01604573502404,900.9454323887614
2026-06-25 18:06:00,ZONE_WEST,Night,250.1785161569151,48.12198113599568,965.0308788416004
2026-06-25 18:14:00,ZONE_SOUTH,Afternoon,153.19511008942035,53.52856782640578,762.796080432249
2026-06-25 18:18:00,ZONE_SOUTH,Afternoon,254.1678731239669,0.0,775.1249300730533
2026-06-25 18:24:00,ZONE_SOUTH,Morning,157.850868033776,54.592466822755256,912.8338337515752
2026-06-25 18:36:00,ZONE_NORTH,Night,258.628384463801,51.15400221469108,1088.0635521049958
2026-06-25 18:48:00,ZONE_WEST,Night,253.8483825871382,50.066338636730464,1247.1883205369509
2026-06-25 18:50:00,ZONE_WEST,Night,201.96805774647464,58.858052293722416,1338.2599716786972
2026-06-25 18:52:00,ZONE_EAST,Night,141.63859059944022,58.56307393547546,789.5320951733673
2026-06-25 18:56:00,ZONE_WEST,Morning,185.2612176315173,56.65833670631588,727.1420401363222
2026-06-25 18:58:00,ZONE_EAST,Night,225.83165065809615,49.69087078215642,997.5997591420554
2026-06-25 19:10:00,ZONE_CENTRAL,Morning,184.36396278902936,50.588097131676086,746.1327957643026
2026-06-25 19:24:00,ZONE_NORTH,Morning,244.23790101050668,47.47175242960083,916.4623317568992
2026-06-25 19:28:00,ZONE_EAST,Morning,172.60388599881452,51.851622186706926,682.3293940982599
2026-06-25 19:40:00,ZONE_NORTH,Morning,182.18116646381424,57.10917508758829,724.749311323386
2026-06-25 19:42:00,ZONE_NORTH,Morning,186.55833727603863,56.843784676534845,1225.1556831075509
2026-06-25 19:52:00,ZONE_CENTRAL,Afternoon,199.0652165682887,47.87544491408815,730.5119009823063
2026-06-25 19:54:00,ZONE_CENTRAL,Afternoon,237.0997204900352,55.733042758573546,866.8428916810515
2026-06-25 19:56:00,ZONE_CENTRAL,Morning,181.4066009450956,48.20830831254904,1332.1129591847275
2026-06-25 20:00:00,ZONE_EAST,Morning,197.0885508062306,50.63334756601535,859.2970178658558
2026-06-25 20:02:00,ZONE_WEST,Morning,211.3942255383676,48.99545271990427,670.1086542261879
2026-06-25 20:20:00,ZONE_NORTH,Morning,186.47024260154572,58.33588511078534,1315.111979157571
2026-06-25 20:22:00,ZONE_NORTH,Afternoon,185.27401635291625,58.54140308090918,1070.3898492873109
2026-06-25 20:24:00,ZONE_CENTRAL,Afternoon,171.92865755694817,52.86403187259561,1091.9189416216834
2026-06-25 20:28:00,ZONE_NORTH,Morning,241.4393219985164,50.86523260110327,1305.6862057506023
2026-06-25 20:32:00,ZONE_WEST,Night,196.583179288084,56.33870887644025,869.4875057408696
2026-06-25 20:42:00,ZONE_SOUTH,Night,248.90806064683267,58.03376363299711,695.2861438310247
2026-06-25 20:46:00,ZONE_WEST,Afternoon,237.19063346087188,56.69611602906788,836.6175211060742
2026-06-25 20:52:00,ZONE_SOUTH,Night,217.4446311531065,54.757302552408646,820.4767478165193
2026-06-25 21:10:00,ZONE_NORTH,Morning,170.560755658623,54.94054836886043,810.987349556026
2026-06-25 21:16:00,ZONE_WEST,Morning,136.92805750786238,45.47421172840976,1118.247038417529
2026-06-25 21:18:00,ZONE_CENTRAL,Afternoon,220.5670449406178,50.01203585624437,648.9692055911835
2026-06-25 21:20:00,ZONE_WEST,Night,135.2064385042591,57.999675810543536,991.5212682109816
2026-06-25 21:30:00,ZONE_SOUTH,Morning,125.9764698296888,47.95481671629871,623.4540870230288
2026-06-25 21:34:00,ZONE_CENTRAL,Morning,138.1017500278438,59.66834591568976,1140.043864586773
2026-06-25 21:38:00,ZONE_SOUTH,Afternoon,279.71559209744805,47.596944919193646,1168.028467681761
2026-06-25 21:50:00,ZONE_NORTH,Night,143.21689174343203,53.26356448690369,1205.728664363873
2026-06-25 21:52:00,ZONE_NORTH,Morning,264.7009815464837,49.419352802640745,1311.5248936812518
2026-06-25 22:00:00,ZONE_CENTRAL,Night,226.16033110484116,52.57131459872984,707.8047291253476
2026-06-25 22:04:00,ZONE_NORTH,Afternoon,147.4237299719604,46.25287140888639,1080.958244392082
2026-06-25 22:06:00,ZONE_EAST,Night,132.63689589859706,49.75356537575838,1250.6025258760164
2026-06-25 22:08:00,ZONE_EAST,Morning,230.92759496823876,57.47560599217698,1120.135345270136
2026-06-25 22:14:00,ZONE_NORTH,Night,266.20240052860777,49.79760735430144,856.2069316103862
2026-06-25 22:26:00,ZONE_WEST,Afternoon,161.7992211925732,46.99201131577507,774.5704617131234
2026-06-25 22:28:00,ZONE_NORTH,Afternoon,277.10485156591085,52.225087046463095,639.7046885429049
2026-06-25 22:32:00,ZONE_CENTRAL,Morning,140.56250695105862,50.454626154049656,974.9088334844878
2026-06-25 22:44:00,ZONE_SOUTH,Night,133.50207166319794,49.54409477895919,628.6899187637268
2026-06-25 22:48:00,ZONE_EAST,Night,123.02842248183416,50.16362646913224,1159.5176859726316
2026-06-25 22:54:00,ZONE_NORTH,Night,176.32265320030052,51.43413992597144,725.5827161045249
2026-06-25 22:58:00,ZONE_EAST,Night,122.9394647260967,47.09841971647976,1201.2172784730028
2026-06-25 23:00:00,ZONE_CENTRAL,Night,163.28348482749544,56.73064342971321,744.8896396133919
2026-06-25 23:04:00,ZONE_WEST,Afternoon,218.47855354667507,51.86924651607477,664.7529074472147
2026-06-25 23:06:00,ZONE_NORTH,Morning,240.60489617382643,47.610799698013096,1125.636605762414
2026-06-25 23:12:00,ZONE_WEST,Night,197.2496149325393,0.0,722.1132247409361
2026-06-25 23:14:00,ZONE_SOUTH,Afternoon,171.69137094492018,59.22141460921634,736.1184385641918
2026-06-25 23:18:00,ZONE_SOUTH,Night,167.62779449485532,49.726221997778175,856.6594046867103
2026-06-25 23:20:00,ZONE_EAST,Afternoon,225.56218247249345,57.42674023647787,671.8378128582883
2026-06-25 23:28:00,ZONE_NORTH,Afternoon,217.37330474238533,49.46381572195194,1164.0653046682685
2026-06-25 23:36:00,ZONE_NORTH,Afternoon,161.52806932369322,46.35501857627,789.8354215961208
2026-06-25 23:50:00,ZONE_WEST,Morning,136.3124079328444,52.75700897279096,1346.238445498383
2026-06-25 23:52:00,ZONE_SOUTH,Morning,184.7432045504159,54.465469625341065,867.6621512902902
2026-06-26 00:04:00,ZONE_SOUTH,Night,227.6568060495506,53.63347072520995,1103.571528141273
2026-06-26 00:10:00,ZONE_NORTH,Afternoon,203.54023894914832,46.44610642165157,619.2536306860843
2026-06-26 00:12:00,ZONE_WEST,Morning,184.2466780808452,57.85685111246683,802.8961353071915
2026-06-26 00:18:00,ZONE SOUTH,Night,163.52041179695834,56.04545665212776,836.4541907896269
2026-06-26 00:20:00,ZONE_CENTRAL,Night,235.67094790231155,54.8606529763886,1317.2630790594285
2026-06-26 00:32:00,ZONE_NORTH,Night,239.22316957245127,54.68395829305376,1139.4332044537896
2026-06-26 00:36:00,ZONE_WEST,Afternoon,121.70756605581346,55.214625060812,1267.9960177638577
2026-06-26 00:40:00,ZONE_SOUTH,Night,251.4638934208116,49.50218029462063,1140.310339396451
2026-06-26 00:44:00,ZONE_SOUTH,Afternoon,217.74520354534343,55.41132788660094,1133.0104209534293
2026-06-26 00:48:00,ZONE_EAST,Afternoon,247.0233048311227,56.97651120986531,926.5001073663497
2026-06-26 00:50:00,ZONE_EAST,Night,259.90632867143654,57.92981268237887,1074.092649278517
2026-06-26 00:52:00,ZONE_EAST,Afternoon,256.16060268755984,55.41572054444088,628.7427720446857
2026-06-26 00:56:00,ZONE_NORTH,Morning,163.04835659874607,59.62863428716189,1287.7815467182827
2026-06-26 01:08:00,ZONE_EAST,Afternoon,262.05749595768845,59.68249822843805,1365.2700427836355
2026-06-26 01:10:00,ZONE_EAST,Morning,136.36228495953856,53.30736381590391,1394.971846607663
2026-06-26 01:14:00,ZONE_SOUTH,Morning,248.9268585533176,51.993571572622926,667.9013958529151
2026-06-26 01:18:00,ZONE_SOUTH,Morning,195.4573713185748,51.00859581867703,1356.110108082014
2026-06-26 01:22:00,ZONE_EAST,Morning,190.24663821138367,51.02163253058144,1328.9468714459435
2026-06-26 01:28:00,ZONE_SOUTH,Afternoon,265.86219035764856,58.170953565603504,685.1970536035608
2026-06-26 01:32:00,ZONE_SOUTH,Afternoon,243.80811977104543,59.84768944583976,1196.1132387363828
2026-06-26 01:38:00,ZONE_NORTH,Afternoon,222.8437858589268,54.84376544381776,1045.8220506520083
2026-06-26 01:44:00,ZONE_WEST,Morning,139.62048799648105,51.63224944121169,795.8598547698591
2026-06-26 01:46:00,ZONE_SOUTH,Afternoon,189.3541919572998,51.15951961109828,754.4881693672112
2026-06-26 01:52:00,ZONE_SOUTH,Night,144.50156809670463,54.32376283448225,1172.6556584310033
2026-06-26 01:56:00,ZONE_EAST,Afternoon,158.0936340491388,48.504268098018606,1235.196248695426
2026-06-26 02:02:00,ZONE_NORTH,Morning,158.54049019287723,55.749877811590736,1382.7307154583496
2026-06-26 02:10:00,ZONE_NORTH,Afternoon,172.99332837256344,49.02227817492198,1320.6357602102955
2026-06-26 02:12:00,ZONE_SOUTH,Morning,165.19979625935434,55.873837359368096,703.0092349407789
2026-06-26 02:16:00,ZONE_NORTH,Morning,236.86660240315769,55.81673641608975,1335.436972263124
2026-06-26 02:20:00,ZONE_EAST,Afternoon,268.96415887601086,55.13814775481458,987.311301694356
2026-06-26 02:22:00,ZONE_CENTRAL,Morning,272.2308222219731,59.25462373284153,899.6407707226381
2026-06-26 02:24:00,ZONE_WEST,Morning,177.83445255976247,52.6511595158759,826.2254444824234
2026-06-26 02:30:00,ZONE_SOUTH,Afternoon,262.8743346727724,56.87650031661726,719.8477019395643
2026-06-26 02:34:00,ZONE_SOUTH,Afternoon,204.87570995164677,59.32966600147936,1329.286285565991
2026-06-26 02:36:00,ZONE_EAST,Morning,186.52389017305185,48.960776915806335,879.2954161154016
2026-06-26 02:42:00,ZONE_EAST,Night,158.35345251879116,55.975297746830016,1243.941342658433
2026-06-26 02:44:00,ZONE_WEST,Night,179.61681657233277,55.11998962047388,1384.8018799657668
2026-06-26 02:52:00,ZONE_EAST,Night,171.22979510464887,50.12070834566663,1387.0641144090034
2026-06-26 02:56:00,ZONE_NORTH,Morning,185.47607683068736,53.58160884813146,988.60889643932
2026-06-26 03:00:00,ZONE_WEST,Night,138.15395067305184,47.08356751849031,851.215010977892
2026-06-26 03:10:00,ZONE_WEST,Afternoon,272.7035043253559,59.999685797863584,1318.454285738626
2026-06-26 03:16:00,ZONE_CENTRAL,Morning,188.46635043004568,45.72798368604211,1004.643698414134
2026-06-26 03:22:00,ZONE_WEST,Afternoon,229.56370532467176,46.282580859366846,625.2781838540667
2026-06-26 03:24:00,ZONE_SOUTH,Afternoon,140.0706855120832,46.8232394831273,1281.843621046627
2026-06-26 03:26:00,ZONE_EAST,Morning,140.0706855120832,58.7805602226408,710.0402059943586
2026-06-26 03:28:00,ZONE_NORTH,Night,122.88963516159367,48.51078255070698,1311.5291447629652
2026-06-26 03:36:00,ZONE_SOUTH,Afternoon,170.04171638749057,52.857276362909616,890.5529970833106
2026-06-26 03:44:00,ZONE_SOUTH,Morning,278.2945020543398,50.87187589508196,1066.0813926018936
2026-06-26 03:52:00,ZONE_SOUTH,Night,174.10239815740937,59.47198719452226,925.2540599205686
2026-06-26 03:54:00,ZONE_SOUTH,Morning,137.25652232996947,51.82997976884633,1013.8745646873704
2026-06-26 04:08:00,ZONE_CENTRAL,Morning,196.0475318117209,46.086961451756856,790.1262492217104
2026-06-26 04:10:00,ZONE_CENTRAL,Morning,246.49647436316087,55.52885611468539,948.6502728873232
2026-06-26 04:16:00,ZONE_NORTH,Night,218.5161685512276,0.0,650.4551642113047
2026-06-26 04:20:00,ZONE_EAST,Night,184.663749084329,54.43344207599485,1387.6299673075027
2026-06-26 04:26:00,ZONE_SOUTH,Morning,184.4441814957333,58.632670754800685,691.5365441248182
2026-06-26 04:36:00,ZONE_NORTH,Night,168.86924257405934,51.37184369884386,1168.2028670725729
2026-06-26 04:38:00,ZONE_EAST,Morning,245.0011126052564,59.88747588272393,855.3057946536485
2026-06-26 04:46:00,ZONE_SOUTH,Morning,151.4814044274649,57.015592158398846,1326.26754303315
2026-06-26 04:50:00,ZONE_CENTRAL,Morning,136.89574336418255,48.31670082851178,756.7654569084984
2026-06-26 04:52:00,ZONE_WEST,Night,233.0479683652523,49.08689292142323,1340.8341969976857
2026-06-26 04:58:00,ZONE_WEST,Morning,140.19121456419785,55.56108382787656,1303.5305399643505
2026-06-26 05:04:00,ZONE_NORTH,Morning,196.81442275840743,56.96464526447831,1201.8751784070728
2026-06-26 05:08:00,ZONE_NORTH,Afternoon,235.5163138877649,53.22419676156534,632.0484506084664
2026-06-26 05:18:00,ZONE_EAST,Night,137.3071020081215,47.34004931498544,902.2394609616352
2026-06-26 05:32:00,ZONE_SOUTH,Afternoon,265.5562940694715,56.55266902870486,943.7255377488016
2026-06-26 05:42:00,ZONE_CENTRAL,Morning,258.92752290581245,52.47337999737677,1237.1757023165148
2026-06-26 05:44:00,ZONE_SOUTH,Night,167.154375497035,59.05113489804567,1335.53705279576
2026-06-26 05:52:00,ZONE_NORTH,Morning,278.55778711946965,58.44145323310394,1079.391086774627
2026-06-26 05:54:00,ZONE_NORTH,Afternoon,203.76665501713308,47.68433846105407,1010.8619217019702
2026-06-26 06:04:00,ZONE_CENTRAL,Afternoon,141.6292886674288,57.22891997212918,971.4661220944274
2026-06-26 06:06:00,ZONE_WEST,Night,231.2314335525138,59.61509498139736,731.5194441402084
2026-06-26 06:12:00,ZONE_CENTRAL,Afternoon,176.1179677446894,48.24059571325057,975.6616387405568
2026-06-26 06:14:00,ZONE_EAST,Night,241.237591120367,57.66028195500107,1105.8946655316904
2026-06-26 06:18:00,ZONE_SOUTH,Night,230.23999759817093,51.124100191952,710.7630829256043
2026-06-26 06:22:00,ZONE_EAST,Morning,229.37478803549905,59.25574004793162,703.6629312672637
2026-06-26 06:26:00,ZONE_NORTH,Afternoon,268.9437030994287,48.98192154035528,967.3383533370404
2026-06-26 06:28:00,ZONE_WEST,Night,137.74723693996904,57.256466694157865,1127.1098126135455
2026-06-26 06:32:00,ZONE_EAST,Afternoon,243.3661392391768,54.268026327034335,754.0136177575224
2026-06-26 06:36:00,ZONE_CENTRAL,Afternoon,271.4948082668025,53.79037256250865,890.482656487641
2026-06-26 06:42:00,ZONE_CENTRAL,,249.73249813796332,48.41954549406286,771.6433661142328
2026-06-26 06:44:00,ZONE_CENTRAL,Night,276.9578084477893,53.66464143104345,1015.5581902498724
2026-06-26 06:50:00,ZONE_EAST,Afternoon,237.0566944831149,48.14835668570261,782.0496242558927
2026-06-26 06:56:00,ZONE_NORTH,Afternoon,230.1832083623024,52.96385576280279,782.470214677794
2026-06-26 07:04:00,ZONE_SOUTH,Morning,248.6887540728827,54.557152683114346,1063.9164785822277
2026-06-26 07:06:00,ZONE_EAST,Morning,146.09834801866862,49.74293732163802,906.9814075930184
2026-06-26 07:10:00,ZONE_NORTH,Afternoon,174.69849628197608,45.23518277369804,919.8931704292752
2026-06-26 07:14:00,ZONE_NORTH,Afternoon,213.06421322768108,56.10450011845335,1144.1418810720843
2026-06-26 07:18:00,ZONE_NORTH,Afternoon,241.83341334978536,55.02033743543339,717.6240073721169
2026-06-26 07:20:00,ZONE_SOUTH,Morning,187.7418798507939,57.44821437313232,879.6813859234293
2026-06-26 07:26:00,ZONE_EAST,Morning,204.2814860307544,50.82730109317473,1386.6940482919565
2026-06-26 07:30:00,ZONE_EAST,Night,137.76558768381753,53.298368059195134,1152.0161098522256
2026-06-26 07:36:00,ZONE_CENTRAL,Morning,265.4771802338403,55.87718149829949,611.4810476682349
2026-06-26 07:46:00,ZONE_CENTRAL,Morning,225.6618941121422,45.39883886226491,750.0782014170995
2026-06-26 07:48:00,ZONE_NORTH,Afternoon,236.86620046108683,58.53855004967322,1221.7148548180369
2026-06-26 07:52:00,ZONE_CENTRAL,Night,229.49258407284267,58.56694480008976,1252.4968246203928
2026-06-26 07:58:00,ZONE_NORTH,Night,126.49535764837977,49.84512107991013,651.5922911160342
2026-06-26 08:00:00,ZONE_WEST,Afternoon,182.52047753072063,55.90522035470022,761.0394788480719
2026-06-26 08:04:00,ZONE_SOUTH,Night,248.4809648734402,57.622932327199,1364.9598960115231
2026-06-26 08:20:00,ZONE_WEST,Night,172.42479418937847,50.14970248532708,1175.523610745423
2026-06-26 08:22:00,ZONE_CENTRAL,Afternoon,153.62813363742774,46.37614510857178,1047.929348995797
2026-06-26 08:26:00,ZONE_CENTRAL,Afternoon,196.1633131008192,52.78536131031424,940.0822405828494
2026-06-26 08:28:00,ZONE_WEST,Night,264.24089911220847,52.367861186529446,740.7546218599892
2026-06-26 08:30:00,ZONE_WEST,Afternoon,125.55839159116503,56.51278453504602,977.5480422290502
2026-06-26 08:32:00,ZONE_CENTRAL,Night,171.18073226684214,54.9362242098742,788.163994478185
2026-06-26 08:36:00,ZONE_EAST,Afternoon,216.76828189503425,52.471092265442806,700.6375939503566
2026-06-26 08:48:00,ZONE_EAST,Morning,141.40171121232035,50.50555992165457,1218.3051096333802
2026-06-26 08:58:00,ZONE_SOUTH,Night,142.57754373322388,50.73682410160893,795.4923930341736
2026-06-26 09:02:00,ZONE_EAST,Morning,148.68739764160776,51.9778626476377,1360.515027955687
2026-06-26 09:04:00,ZONE_WEST,Night,156.12209198000448,59.115113933284746,709.6595541483783
2026-06-26 09:16:00,ZONE_WEST,Night,264.5281803822015,45.88514697686327,1256.665432299806
2026-06-26 09:30:00,ZONE_CENTRAL,Afternoon,203.3398458615817,47.49700734730054,1008.1538071308848
2026-06-26 09:40:00,ZONE_NORTH,Night,153.24330071035655,57.52644571448716,1103.9268418882366
2026-06-26 09:52:00,ZONE_CENTRAL,Afternoon,213.79330659048145,55.49478341155898,668.1997934256584
2026-06-26 09:56:00,ZONE_SOUTH,Afternoon,278.9046565744257,52.08775249936152,1310.6575413188548
2026-06-26 10:00:00,ZONE_NORTH,Morning,246.98118628089296,45.8013753630886,1191.282285972714
2026-06-26 10:02:00,ZONE_NORTH,Morning,218.6337405166076,50.639173479604565,838.7479505740605
2026-06-26 10:08:00,ZONE_NORTH,Morning,257.64052582395266,49.612761329515074,687.4128890839179
2026-06-26 10:10:00,ZONE_CENTRAL,,271.3255433985529,54.10838201644788,933.590882626804
2026-06-26 10:12:00,ZONE_NORTH,Afternoon,268.7773600800897,48.95617786148205,1211.429785469773
2026-06-26 10:16:00,ZONE_WEST,Afternoon,132.58592933028137,50.04464282978533,1120.1433777746138
2026-06-26 10:24:00,ZONE_NORTH,Night,149.54419934299162,56.21841947407381,871.1405735757677
2026-06-26 10:30:00,ZONE_NORTH,Night,233.8691294968137,58.90097548339662,759.9233165798714
2026-06-26 10:32:00,ZONE_SOUTH,Afternoon,153.7483737770419,58.16476614790426,1189.699258250717
2026-06-26 10:36:00,ZONE_SOUTH,Night,232.68145192038716,54.82007244109887,784.5187793482314
2026-06-26 10:48:00,ZONE_EAST,Afternoon,140.27403763747822,46.54662247390358,1195.4439725401562
2026-06-26 10:50:00,ZONE_EAST,Morning,210.607382995854,52.33665180703105,926.7828249240388
2026-06-26 11:00:00,ZONE_WEST,Afternoon,217.27349613317472,57.24594603674299,688.7453946114318
2026-06-26 11:02:00,ZONE_CENTRAL,Afternoon,212.1256337423059,54.90843887116188,1200.6645000754943
2026-06-26 11:06:00,ZONE_NORTH,Afternoon,139.98716971850135,47.21367994201812,1248.9354777939716
2026-06-26 11:16:00,ZONE_SOUTH,Afternoon,236.9953775797194,56.81127881931799,840.4511080895772
2026-06-26 11:18:00,ZONE_CENTRAL,Night,259.5176153991931,52.90791554174322,1237.8595707202005
2026-06-26 11:20:00,ZONE_NORTH,Morning,135.68925576999322,59.5625148718664,1138.3858458189184
2026-06-26 11:30:00,ZONE_WEST,Afternoon,242.01137804664847,49.09602463851596,968.0158142037996
2026-06-26 11:32:00,ZONE_WEST,Afternoon,253.3404199090662,50.2610089554284,1149.6190704569642
2026-06-26 11:36:00,ZONE_NORTH,Afternoon,262.7444666991937,54.23073559921417,1357.8759223455022
2026-06-26 11:42:00,ZONE_EAST,Morning,279.95322205149296,54.193221109334,985.2624655495188
2026-06-26 11:50:00,ZONE_NORTH,Morning,220.18785180702315,46.28649899908201,1086.9378764798507
2026-06-26 11:58:00,ZONE_SOUTH,Afternoon,258.0753643731431,45.10429853570535,1172.6301570770354
2026-06-26 12:12:00,ZONE_SOUTH,Morning,195.0110332824386,54.305259456385535,844.6652232947304
2026-06-26 12:16:00,ZONE_WEST,Night,164.3754818759407,52.17251091299223,775.3598427115237
2026-06-26 12:22:00,ZONE_EAST,Night,174.50966777196825,58.42776569241536,609.2168096208347
2026-06-26 12:28:00,ZONE_EAST,Afternoon,130.66916805808393,48.17886663417978,1127.2497566602492
2026-06-26 12:32:00,ZONE_WEST,Night,209.98054086150432,59.42339906352987,608.3417818667797
2026-06-26 12:44:00,ZONE_NORTH,Morning,242.6728380794904,59.639476040112285,1337.221485118032
2026-06-26 12:58:00,ZONE_EAST,Night,164.07326562210724,59.835612489537,1150.1444329439214
2026-06-26 13:04:00,ZONE_SOUTH,Afternoon,170.72015515748862,56.18645628059944,1123.2939873424086
2026-06-26 13:08:00,ZONE_EAST,Night,255.4059738378336,0.0,650.7917558517647
2026-06-26 13:20:00,ZONE_SOUTH,Afternoon,120.25354311461442,59.18176825057313,665.8939577223806
2026-06-26 13:30:00,ZONE_EAST,Morning,241.804073016066,53.22286901393626,955.2922956135797
2026-06-26 13:32:00,ZONE_WEST,Morning,241.804073016066,47.857535320353136,1212.0810801360103
2026-06-26 13:42:00,ZONE_NORTH,Morning,180.52382298925968,57.48938081666016,1211.1644242481102
2026-06-26 13:44:00,ZONE_CENTRAL,Afternoon,195.70762426095305,56.40071637038273,1165.3553312132783
2026-06-26 13:48:00,ZONE_EAST,Night,265.2596283096385,56.07120325863099,1307.887117186671
2026-06-26 13:56:00,ZONE_WEST,Night,231.67548654777815,50.71239703130679,947.4078081494912
2026-06-26 13:58:00,ZONE_WEST,Afternoon,120.25270737246588,53.19919772817382,675.5089603361351
2026-06-26 14:04:00,ZONE_NORTH,Morning,234.04060076201347,53.15513370486397,1235.9436139493846
2026-06-26 14:08:00,ZONE_CENTRAL,Afternoon,162.59931190304056,56.03776589650585,1031.612090859492
2026-06-26 14:12:00,ZONE_EAST,Morning,187.1901896557181,53.09151767490152,680.2515924556908
2026-06-26 14:18:00,ZONE_WEST,Night,236.43301920975472,56.809882180516766,971.792247609798
2026-06-26 14:30:00,ZONE_EAST,Night,161.6100396867505,45.32233155582141,1332.4299199443597
2026-06-26 14:44:00,ZONE_EAST,Night,263.43565716148726,45.14451730136955,622.4150810182483
2026-06-26 14:46:00,ZONE_WEST,Night,221.7950125870952,55.14777180354048,1079.8636833650662
2026-06-26 14:52:00,ZONE_CENTRAL,Night,265.8995975752012,47.62363458658549,663.5756026812844
2026-06-26 15:00:00,ZONE_EAST,Morning,152.6041654705702,56.681822323916606,863.2782071792817
2026-06-26 15:04:00,ZONE_CENTRAL,Morning,229.6964906471799,46.099715585270985,1287.9509973867882
2026-06-26 15:06:00,ZONE_SOUTH,Afternoon,241.42221602247145,47.58801322015954,904.3713785234348
2026-06-26 15:10:00,ZONE_NORTH,Morning,222.19618915987516,57.87565370135856,811.9942329764328
2026-06-26 15:12:00,ZONE_SOUTH,,272.53121286948084,58.87868302497935,852.4909008169766
2026-06-26 15:14:00,ZONE_NORTH,Afternoon,136.1741750678744,53.33540813025808,1336.262861301631
2026-06-26 15:18:00,ZONE_NORTH,Morning,217.8171220957412,47.07973725645201,828.1565986441198
2026-06-26 15:20:00,ZONE_SOUTH,Night,274.2486608210383,57.01452894284455,709.1120317142868
2026-06-26 15:34:00,ZONE_EAST,Afternoon,228.33701859140453,52.61212441084919,1378.7751171957916
2026-06-26 15:40:00,ZONE_CENTRAL,Morning,144.90367884185451,52.6843055679769,974.8928163999942
2026-06-26 15:44:00,ZONE_CENTRAL,Night,198.40068012229492,46.37328684571413,1162.1954976957772
2026-06-26 15:52:00,ZONE_SOUTH,Night,125.69314332695402,49.45182651028266,622.0928458098161
2026-06-26 15:54:00,ZONE_CENTRAL,Morning,141.87766443667763,53.61091093158686,1248.3418952518546
2026-06-26 15:56:00,ZONE_WEST,Night,242.24589170679548,56.17740681254253,839.9807054146377
2026-06-26 15:58:00,ZONE_SOUTH,Night,122.88606552074312,54.64126951614444,701.3614760277319
2026-06-26 16:24:00,ZONE_EAST,Night,208.660594593673,54.80615784418974,760.1791523258453
2026-06-26 16:28:00,ZONE_NORTH,Afternoon,268.3181559708472,46.2938115167559,1195.3596198884932
2026-06-26 16:40:00,ZONE_SOUTH,Night,274.91326843253864,57.81799721499045,1137.1606553243505
2026-06-26 16:42:00,ZONE_WEST,Morning,267.6688124960971,52.94946655480627,789.7475692378111
2026-06-26 16:46:00,ZONE_EAST,Afternoon,192.3341616542356,52.77328573095042,1240.4077166365505
2026-06-26 16:48:00,ZONE_EAST,Afternoon,257.15087257388893,51.46438322381456,990.8688420446553
2026-06-26 16:50:00,ZONE_WEST,Night,127.7433411113225,53.26448322723903,1244.385354649528
2026-06-26 16:54:00,ZONE_NORTH,Night,186.23483175744863,49.96749772637828,1399.4823438960264
2026-06-26 17:02:00,ZONE_SOUTH,Afternoon,146.044176164059,46.56499219278879,1194.074547713784
2026-06-26 17:14:00,ZONE_NORTH,Morning,231.623421244756,49.89011759493791,1126.1791242889062
2026-06-26 17:18:00,ZONE_NORTH,Night,182.66809544568784,47.38558338515086,1060.7286066949096
2026-06-26 17:20:00,ZONE_NORTH,Morning,219.5063074054205,57.70922186470559,603.7185351402245
2026-06-26 17:26:00,ZONE_SOUTH,Morning,182.4025697196097,50.24624895861035,715.9936336021642
2026-06-26 17:32:00,ZONE_EAST,Afternoon,144.34793630110687,52.48170740954858,756.0315877864396
2026-06-26 17:40:00,ZONE_WEST,Night,237.4573729969444,55.50790527587607,825.3454669185346
2026-06-26 17:42:00,ZONE_EAST,Morning,225.8709282706405,46.78841098219586,852.2602843041168
2026-06-26 17:44:00,ZONE_SOUTH,Morning,250.713229983082,55.720359347408944,1322.3024008462291
2026-06-26 17:46:00,ZONE_WEST,Night,140.41223502667088,47.15107621332208,787.2632473618237
2026-06-26 17:56:00,ZONE_EAST,Night,248.41032549577983,50.25147484330557,1132.5580384591362
2026-06-26 18:02:00,ZONE_NORTH,Morning,275.0977991993242,58.92304311604143,752.6252560732509
2026-06-26 18:04:00,ZONE_SOUTH,Afternoon,273.540184606357,49.46133361406706,795.9658911947597
2026-06-26 18:12:00,ZONE_EAST,Afternoon,278.8529320711515,47.10623037804319,1329.1066586624013
2026-06-26 18:20:00,ZONE_NORTH,Morning,161.1186776497516,46.34438649260025,795.452713574946
2026-06-26 18:28:00,ZONE_EAST,Morning,229.4148849032578,57.64602767113314,1211.951454721293
2026-06-26 18:36:00,ZONE_SOUTH,Morning,198.05165398110097,54.21258701559382,888.3893773408936
2026-06-26 18:38:00,ZONE_SOUTH,Afternoon,170.33304744739638,55.12168823279585,920.2756145731004
2026-06-26 18:48:00,ZONE_CENTRAL,Morning,151.78410442898226,56.423507191762255,1074.854205399234
2026-06-26 18:56:00,ZONE_EAST,Afternoon,172.60828873255258,48.98643299398052,1069.8537377077607
2026-06-26 19:12:00,ZONE_NORTH,Morning,248.7426715735484,59.35739041012193,984.1520618576224
2026-06-26 19:18:00,ZONE_WEST,Morning,247.6067966378656,51.38571471260732,883.7302014119673
2026-06-26 19:20:00,ZONE_CENTRAL,Morning,206.0671242126789,46.14379353437769,648.3445417221102
2026-06-26 19:28:00,NAN,Afternoon,216.22191775708572,47.32951130842713,1188.9167773346005
2026-06-26 19:30:00,ZONE_SOUTH,Morning,224.87255303897027,51.24709321763949,1038.2306679363485
2026-06-26 19:32:00,ZONE_WEST,Night,121.38705437522096,49.21250236359236,860.1802404251789
2026-06-26 19:38:00,ZONE_CENTRAL,Afternoon,178.6889416224009,59.37340797549039,1225.482831592195
2026-06-26 19:40:00,ZONE_NORTH,Morning,184.43386394427205,47.2969391760898,823.2161419349163
2026-06-26 19:46:00,ZONE_NORTH,Night,240.4494391217616,49.51612844242463,1067.234361782152
2026-06-26 19:50:00,ZONE_SOUTH,Night,260.7035189289415,52.95798838687962,909.891869575664
2026-06-26 19:58:00,ZONE_SOUTH,Morning,198.08611588508,54.87395621193005,916.4803798846784
2026-06-26 20:00:00,ZONE_SOUTH,Morning,144.77052077947764,57.36994070500565,1069.8558481376656
2026-06-26 20:04:00,ZONE_CENTRAL,Night,172.6888500583359,56.930286255059386,1199.8140466673974
2026-06-26 20:18:00,ZONE_NORTH,Morning,201.8369674861413,59.986915593679285,1358.66126642893
2026-06-26 20:20:00,ZONE_CENTRAL,Morning,223.04422993791104,55.09638340281224,1034.5224989651454
2026-06-26 20:24:00,ZONE_WEST,Afternoon,255.1234450101848,50.63598552292505,1154.7129847051408
2026-06-26 20:38:00,ZONE_CENTRAL,Afternoon,161.53770003731387,46.93355616712372,722.1859155629672
2026-06-26 20:46:00,ZONE_CENTRAL,Morning,263.1356597361555,45.87814007508083,858.6560829989127
2026-06-26 20:58:00,ZONE_NORTH,Night,200.77997041524912,55.587795857446,1014.2305363844556
2026-06-26 21:00:00,ZONE_CENTRAL,Morning,261.93704200298725,53.8766249085321,1126.0935594610514
2026-06-26 21:04:00,ZONE_NORTH,Afternoon,180.58278134465505,49.176897846356326,622.8713679517721
2026-06-26 21:12:00,ZONE_EAST,Night,199.42382746833343,52.41072702790939,1330.580982507476
2026-06-26 21:14:00,ZONE_SOUTH,Afternoon,168.96015577330678,59.21265057301419,623.7666442774021
2026-06-26 21:16:00,ZONE_CENTRAL,Afternoon,268.35303436653294,58.502290142418,894.4240421494455
2026-06-26 21:24:00,ZONE_WEST,Night,242.8746812495688,50.76653040697313,765.1270941535162
2026-06-26 21:28:00,ZONE_CENTRAL,Night,199.9278659628132,56.367120015610496,1185.4048298411428
2026-06-26 21:40:00,ZONE_WEST,Morning,272.5318823819422,57.76399852947422,723.9665863580965
2026-06-26 21:44:00,ZONE_CENTRAL,Afternoon,275.80488015662866,53.80380161097081,1274.3340667687637
2026-06-26 21:46:00,ZONE_EAST,Morning,121.31173138095394,52.209841492445726,1019.8031509008298
2026-06-26 21:48:00,ZONE_CENTRAL,Morning,263.8104599690155,45.62429746621044,628.7868769669471
2026-06-26 21:50:00,ZONE_SOUTH,Night,268.9792723109361,53.42311128116747,623.7257964774329
2026-06-26 21:56:00,ZONE_NORTH,Morning,147.47213384804945,55.176819647821375,1058.133202777514
2026-06-26 21:58:00,ZONE_SOUTH,Morning,224.6023204949178,47.89096680164799,730.90968713279
2026-06-26 22:14:00,ZONE_NORTH,Afternoon,199.9529077335449,50.14183830418042,696.4200017810589
2026-06-26 22:18:00,ZONE_WEST,Morning,143.74427143779445,47.238234416585065,951.7829101308278
2026-06-26 22:26:00,ZONE_EAST,Afternoon,277.9543127729826,47.08974654783856,1322.831348288362
2026-06-26 22:30:00,ZONE_EAST,Night,183.14561407199133,57.0505359141345,1373.5909051487388
2026-06-26 22:32:00,ZONE_SOUTH,Morning,229.85188673196544,56.39873062948983,1213.7627071645477
2026-06-26 22:36:00,ZONE_NORTH,Afternoon,223.76432429187247,45.0255784344214,643.1236931187821
2026-06-26 22:46:00,ZONE_NORTH,Morning,246.5124645993782,59.54225175470691,600.0074367804677
2026-06-26 22:58:00,ZONE_NORTH,,266.16175469299856,58.62705475880644,1043.7645927629817
2026-06-26 23:04:00,ZONE_WEST,Morning,175.9760377745368,47.91934958455078,957.0797315061008
2026-06-26 23:14:00,ZONE_SOUTH,Night,264.9557861614817,55.642076897573794,1215.6348368121992
2026-06-26 23:24:00,ZONE_CENTRAL,Night,200.97329531848172,45.04514490107931,673.2445818167608
2026-06-26 23:28:00,ZONE_EAST,Morning,253.2690637428664,57.44181279005223,890.6055498785288
2026-06-26 23:30:00,ZONE_SOUTH,Night,238.8354395498268,57.45981698910408,1365.2394835798625
2026-06-26 23:32:00,ZONE_WEST,Night,255.44978719380563,54.123554590797575,1386.7888433532817
2026-06-26 23:34:00,ZONE_EAST,Afternoon,130.21861973456382,57.68055604603608,761.6564007729274
2026-06-26 23:36:00,ZONE_CENTRAL,Afternoon,125.05920611799424,53.5393833479454,718.910044529653
2026-06-26 23:42:00,ZONE_CENTRAL,Afternoon,251.7854801574358,49.0884525968249,1207.6743061903796
2026-06-26 23:44:00,ZONE_WEST,Afternoon,229.23636764724984,50.7143371546597,955.1992165973808
2026-06-26 23:50:00,NORTH ZONE,Morning,270.8164320775595,51.770867093571134,1062.6483441007383
2026-06-26 23:56:00,ZONE_SOUTH,Morning,226.51446964114248,53.76646214951861,729.4483965284106
2026-06-27 00:02:00,ZONE_EAST,Morning,187.94864198695336,48.986464542217625,602.2355070563077
2026-06-27 00:08:00,ZONE_SOUTH,Night,201.6395359685033,55.00817948254167,955.9501584063526
2026-06-27 00:10:00,ZONE_EAST,Night,276.38800667030745,53.251672602894544,1180.5892080072304
2026-06-27 00:12:00,ZONE_CENTRAL,Night,165.06869671592398,50.43791925488806,866.6653864922287
2026-06-27 00:16:00,ZONE_NORTH,Night,191.6792727470189,50.42164052363347,654.8962311579287
2026-06-27 00:34:00,ZONE_CENTRAL,Afternoon,218.7940396661154,59.5663279273553,1329.2828142876986
2026-06-27 00:40:00,ZONE_SOUTH,Morning,269.05039680126697,50.228812758003855,972.411780103098
2026-06-27 00:42:00,ZONE_WEST,Morning,233.26091123784565,58.02948089801731,697.0753255522898
2026-06-27 00:50:00,ZONE_EAST,Morning,253.1351577732984,57.72827183984349,683.0519304979932
2026-06-27 00:52:00,ZONE_CENTRAL,Night,177.80262214495832,50.834365360366014,1285.9508467758706
2026-06-27 00:56:00,ZONE_NORTH,Night,181.60810867257868,48.05568868528158,1217.5456897918984
2026-06-27 00:58:00,ZONE_EAST,Morning,238.33727504002195,48.83221423147542,701.404956500332
2026-06-27 01:08:00,ZONE_SOUTH,Afternoon,160.51319706277718,50.664103024519534,852.2439201592025
2026-06-27 01:12:00,ZONE_SOUTH,Morning,214.4609544326177,56.2856851488684,1359.6759962302967
2026-06-27 01:18:00,ZONE_WEST,Morning,161.76458644695188,46.07391737662665,634.2028301994344
2026-06-27 01:28:00,ZONE NORTH,Night,125.92831899095884,55.26951098531247,1362.0814893945294
2026-06-27 01:30:00,ZONE_NORTH,Afternoon,205.64043754068945,54.61058702448709,1333.414002133508
2026-06-27 01:32:00,ZONE_SOUTH,Afternoon,232.7672959880473,55.52770016720358,665.211676036013
2026-06-27 01:34:00,ZONE_WEST,Afternoon,174.2663252040054,58.52431965038811,1263.8941777157563
2026-06-27 01:36:00,ZONE_CENTRAL,Morning,137.77012852506476,49.29415898584399,960.9388636320134
2026-06-27 01:40:00,ZONE_EAST,Morning,243.45421831485024,53.29594871316546,671.4290012249045
2026-06-27 01:44:00,ZONE_NORTH,Afternoon,249.9170385097136,53.62745255639483,727.7140152006194
2026-06-27 01:46:00,ZONE_SOUTH,Afternoon,171.12343228919613,55.225681172351,867.0733040554737
2026-06-27 01:48:00,ZONE_WEST,Afternoon,146.1688061462109,56.880809152432654,623.0787202320173
2026-06-27 02:02:00,ZONE_SOUTH,Night,174.6441720674182,47.07644678676252,911.410770385416
2026-06-27 02:10:00,ZONE_WEST,Afternoon,177.0218365636845,50.01070376529861,671.0459835224335
2026-06-27 02:14:00,ZONE_SOUTH,Night,123.70348350640134,52.97834663536638,701.4332097287859
2026-06-27 02:16:00,ZONE_NORTH,Afternoon,200.0533849081636,55.50038563650397,664.2695479994918
2026-06-27 02:26:00,ZONE_CENTRAL,Night,174.23903522585172,45.35535215315312,643.985500498305
2026-06-27 02:28:00,ZONE_WEST,Afternoon,143.50542544366832,46.46526559398477,664.6472479242913
2026-06-27 02:36:00,ZONE_WEST,Morning,155.0070962522756,57.07927652342935,1184.2957273503644
2026-06-27 02:42:00,ZONE_CENTRAL,Night,226.6581418550856,55.9215533154499,630.3690887703302
2026-06-27 02:52:00,ZONE_SOUTH,Night,167.08700383819854,57.47913606591594,939.748126777804
2026-06-27 02:56:00,ZONE_SOUTH,Afternoon,241.50859279303785,49.89091410885398,728.898317372667
2026-06-27 02:58:00,ZONE_SOUTH,Night,170.24704048282305,52.31154133459599,805.9591902740726
2026-06-27 03:10:00,ZONE_NORTH,Morning,232.47160777870505,53.47435611456337,739.7107045490836
2026-06-27 03:12:00,ZONE_CENTRAL,Night,141.87556421975452,47.36041880892002,1129.2330003859847
2026-06-27 03:16:00,ZONE_EAST,Night,181.66737595678055,50.70387514654373,896.530454330577
2026-06-27 03:18:00,ZONE_WEST,Afternoon,205.4795377152613,52.49276370845501,811.6129748682336
2026-06-27 03:22:00,ZONE_WEST,Night,213.34752242928027,45.29613834579565,1015.4624932408768
2026-06-27 03:34:00,ZONE_WEST,Morning,169.40570533641375,49.62447552769659,806.9401922235954
2026-06-27 03:36:00,ZONE_CENTRAL,Afternoon,166.79068873432252,49.11280895219295,1181.7389809937222
2026-06-27 03:40:00,ZONE_CENTRAL,Afternoon,245.3338707079393,53.84140573069139,721.2870135882503
2026-06-27 03:42:00,ZONE_EAST,Morning,176.3683767002816,46.124067344705765,796.006929525949
2026-06-27 03:50:00,ZONE_CENTRAL,Afternoon,133.22672607784676,46.02095378228453,886.8992844041552
2026-06-27 03:56:00,ZONE_NORTH,Night,201.92290026807507,50.00054760463239,1048.0841197377076
2026-06-27 03:58:00,ZONE_SOUTH,Night,201.92290026807507,50.41834459636945,1320.5435096160138
2026-06-27 04:04:00,ZONE_CENTRAL,Afternoon,204.09269984995868,0.0,1185.0013259493617
2026-06-27 04:06:00,ZONE_EAST,Afternoon,199.4632339823207,53.02979796678118,1140.1195355591794
2026-06-27 04:12:00,ZONE_WEST,Afternoon,190.52243962805903,51.41173895283315,1235.006122486203
2026-06-27 04:14:00,ZONE_SOUTH,Afternoon,279.1294624975584,53.424099705300335,626.7045626676918
2026-06-27 04:16:00,ZONE_WEST,Morning,187.21156724034628,56.31544288274221,1174.1027174955318
2026-06-27 04:24:00,ZONE_NORTH,Morning,158.20254304063573,0.0,626.7089461050249
2026-06-27 04:30:00,ZONE_EAST,Night,251.86879994005736,55.15510193222619,1184.2983945953708
2026-06-27 04:32:00,ZONE_SOUTH,Night,235.77751004127225,58.25187077216,840.3832029491698
2026-06-27 04:36:00,ZONE_EAST,Night,152.13260002798734,45.57084538254578,1079.281084495677
2026-06-27 04:40:00,ZONE_WEST,Morning,230.6955007913549,46.77376850249357,743.0666889993776
2026-06-27 04:42:00,ZONE_CENTRAL,Afternoon,221.9827996696216,57.89765083266545,1041.421550649782
2026-06-27 04:52:00,ZONE_NORTH,Afternoon,209.62750329077736,54.16005702812137,847.9785138934793
2026-06-27 04:54:00,ZONE_NORTH,Morning,144.61214792118574,53.04312751175488,729.3418771325968
2026-06-27 04:58:00,ZONE_WEST,Afternoon,266.3887898606852,55.558669469423705,1133.0090421290963
2026-06-27 05:00:00,ZONE_WEST,Morning,147.13016297137744,56.23908935518054,1135.677773261676
2026-06-27 05:04:00,ZONE_NORTH,Afternoon,269.3160098110605,50.57753308599896,1076.2707257778816
2026-06-27 05:14:00,ZONE_EAST,Night,121.16364923104148,50.90543856321055,741.5063521275611
2026-06-27 05:18:00,ZONE_NORTH,Night,188.6142424475825,46.543448032327134,680.51551544957
2026-06-27 05:20:00,ZONE_CENTRAL,Morning,183.8921834226417,45.71191986883797,814.2994528597354
2026-06-27 05:24:00,ZONE_SOUTH,Afternoon,183.2768044850651,55.11841977830516,651.3262895543929
2026-06-27 05:34:00,ZONE_WEST,Morning,200.45488991985388,46.92976492546167,1135.8681836431294
2026-06-27 05:36:00,ZONE_NORTH,Afternoon,128.30113241503875,59.8649204143107,945.4253886808248
2026-06-27 05:38:00,ZONE_EAST,Morning,270.7573951185866,55.92093407008488,1209.051019631396
2026-06-27 05:42:00,ZONE_NORTH,Afternoon,172.00922294269046,51.40302635874807,1137.4792895092182
2026-06-27 05:44:00,ZONE_NORTH,Afternoon,145.30025114129091,48.90816414762374,993.0684953393844
2026-06-27 06:00:00,ZONE_WEST,Night,143.63941191007376,46.91700703824096,797.3643258200228
2026-06-27 06:06:00,ZONE_NORTH,Afternoon,124.45596441324092,52.92434858686297,727.0937383167233
2026-06-27 06:08:00,ZONE_NORTH,Afternoon,248.80238081889124,46.96235414985058,1189.797190691102
2026-06-27 06:10:00,ZONE_NORTH,Afternoon,123.12361131167906,49.34111162231554,1151.9303780452306
2026-06-27 06:16:00,ZONE_CENTRAL,Afternoon,275.9485457291386,58.38629148498005,684.6174348172723
2026-06-27 06:22:00,ZONE_SOUTH,Afternoon,137.67738047489038,53.52052336130304,846.2906328268085
2026-06-27 06:24:00,ZONE_SOUTH,Afternoon,257.9366517522368,49.149976983014064,1320.2497128725067
2026-06-27 06:26:00,ZONE_SOUTH,Afternoon,254.2707748594461,58.73640455200072,1059.6267204438336
2026-06-27 06:38:00,ZONE_EAST,Afternoon,255.58498158867783,47.47445697533175,710.724002293622
2026-06-27 06:42:00,ZONE_EAST,Afternoon,137.3262970372667,45.96154223623434,1044.3137431826367
2026-06-27 06:46:00,ZONE_NORTH,Morning,187.34035995891296,53.41931345170635,1015.8227890703816
2026-06-27 06:50:00,ZONE_NORTH,Night,152.9677696340624,57.39118266591184,837.1572090319901
2026-06-27 06:54:00,ZONE_WEST,Night,247.511640892036,58.47655346365842,1319.5999069270806
2026-06-27 06:58:00,ZONE_WEST,Morning,229.85384033830928,56.43710238615953,1277.4180652726986
2026-06-27 07:04:00,ZONE_EAST,Afternoon,274.301347005446,54.73211505378413,691.710514397406
2026-06-27 07:08:00,ZONE_WEST,Morning,170.30160657079335,59.28630358304913,600.2291795143283
2026-06-27 07:14:00,ZONE_EAST,Afternoon,154.41929552736656,45.916086458596496,759.2818323185387
2026-06-27 07:18:00,ZONE_WEST,Night,277.93317824095527,58.7776522434946,1115.503237134315
2026-06-27 07:20:00,ZONE_SOUTH,Night,209.1008944236745,52.59115573724897,728.2831877502183
2026-06-27 07:26:00,ZONE_WEST,Afternoon,147.22085238137743,48.4697309049341,750.5675011634763
2026-06-27 07:28:00,ZONE_WEST,Night,241.9019646225204,49.68178325507078,1067.9951828196072
2026-06-27 07:32:00,ZONE_NORTH,Night,260.0193587811991,47.99133023836336,1015.3585428098984
2026-06-27 07:38:00,ZONE_SOUTH,Morning,154.2808694949095,58.41968823867956,639.5825528433114
2026-06-27 07:40:00,ZONE_EAST,Afternoon,174.54128247877713,59.51755116901353,1305.2282384093453
2026-06-27 07:44:00,ZONE_CENTRAL,Night,150.7253843778394,59.43877654594161,1285.0698598685658
2026-06-27 07:54:00,ZONE_SOUTH,Night,248.5816235445909,53.91096561072869,925.392443072892
2026-06-27 08:02:00,ZONE_NORTH,Afternoon,207.91833176189127,46.079401434739694,1390.8452838748522
2026-06-27 08:06:00,ZONE_EAST,Afternoon,217.23345789310835,58.52426253716707,664.4120078394484
2026-06-27 08:18:00,ZONE_CENTRAL,Morning,229.97959452124903,46.60794765031506,999.9841408571
2026-06-27 08:22:00,ZONE_WEST,Afternoon,161.9852516113192,48.98354593313356,824.7582606397606
2026-06-27 08:26:00,NAN,Afternoon,243.78358320885343,49.144751506598666,880.0801105689518
2026-06-27 08:38:00,ZONE_WEST,Night,230.11732437370392,50.30277613380539,1372.35518950188
2026-06-27 08:44:00,ZONE_WEST,Afternoon,222.77114415611908,46.23588490285262,668.0225730842795
2026-06-27 08:46:00,ZONE_SOUTH,Night,228.76974265621283,53.0569163529121,618.132256855208
2026-06-27 08:48:00,ZONE_NORTH,Afternoon,209.39671096392624,55.70286165512883,1338.1418557586908
2026-06-27 08:50:00,ZONE_EAST,,219.9907640171832,47.902255017166645,1248.3078351605072
2026-06-27 08:52:00,ZONE_NORTH,Night,135.45418919912515,59.18879223595206,1155.3242985004467
2026-06-27 08:54:00,ZONE_WEST,Afternoon,272.2824825827723,46.08810034861903,1292.1526505199558
2026-06-27 08:58:00,ZONE_CENTRAL,Afternoon,179.82845915308542,53.46003842319149,1117.7901767891135
2026-06-27 09:00:00,ZONE_SOUTH,Morning,210.0500177525808,56.48012422036794,1277.873860614695
2026-06-27 09:06:00,ZONE_SOUTH,Morning,160.12773361791403,55.76055724977664,1221.0485223829164
2026-06-27 09:10:00,ZONE_SOUTH,Afternoon,256.34363964800184,53.066857394699824,1286.916373729987
2026-06-27 09:12:00,ZONE_EAST,Afternoon,209.4697407967757,47.97582743056739,725.4643645572841
2026-06-27 09:14:00,ZONE_EAST,Afternoon,205.1412383331764,45.83625417601075,1291.6330023180312
2026-06-27 09:30:00,ZONE_NORTH,Afternoon,266.3132241409506,58.47399987741507,824.9212027317167
2026-06-27 09:32:00,ZONE_EAST,Night,134.41818126946313,49.16069007180408,1388.5287659654437
2026-06-27 09:46:00,ZONE_CENTRAL,Afternoon,247.16764077132424,52.07040916404197,1333.0518995849493
2026-06-27 09:56:00,ZONE_NORTH,Afternoon,249.2745102817212,51.55951887835482,1006.6015757223386
2026-06-27 10:06:00,ZONE_NORTH,Morning,159.07739205825257,48.10070839171943,960.1711447652616
2026-06-27 10:08:00,ZONE_NORTH,Morning,209.6563158431939,52.630966080668784,1199.5356043209524
2026-06-27 10:18:00,ZONE_CENTRAL,Morning,232.38680450405835,51.36658952354616,890.6011576971704
2026-06-27 10:20:00,ZONE_NORTH,Morning,221.45471121277424,45.6035212084278,779.5957507219367
2026-06-27 10:32:00,ZONE_EAST,Night,226.20774272682692,49.00173137720045,1086.1771234095754
2026-06-27 10:36:00,ZONE_CENTRAL,Night,202.7892095700741,49.41657578697779,1357.053556490926
2026-06-27 10:44:00,ZONE_NORTH,Morning,169.23587029829935,55.61404686701564,1192.8683281205515
2026-06-27 10:46:00,NAN,Night,169.23587029829935,58.21380367059968,817.5476489677135
2026-06-27 10:50:00,ZONE_EAST,Morning,279.5472402281159,52.983499832003936,1384.4889610031269
2026-06-27 10:52:00,ZONE_WEST,Morning,166.8174230463433,45.81241871333405,631.4875125590071
2026-06-27 11:00:00,ZONE_WEST,Morning,167.3021330847418,50.8680230333464,780.0975496537139
2026-06-27 11:14:00,ZONE_NORTH,Night,251.94899827646984,56.99652193908268,1124.8366955910442
2026-06-27 11:16:00,ZONE_NORTH,Afternoon,164.1789811909533,52.27307984964606,1012.3748552128068
2026-06-27 11:20:00,ZONE_WEST,Night,178.3423985622053,54.77468914110827,1126.4791078460023
2026-06-27 11:24:00,ZONE_EAST,Morning,162.59735912284822,56.01031457777266,1161.9953301299915
2026-06-27 11:30:00,ZONE_SOUTH,Afternoon,225.61902447938783,45.009626789716094,1327.408566648793
2026-06-27 11:34:00,ZONE_NORTH,Morning,234.95156500838655,58.20849346904584,914.355951173243
2026-06-27 11:36:00,ZONE_CENTRAL,Morning,203.7213620701852,57.80831936619828,1364.369714903023
2026-06-27 11:46:00,ZONE_EAST,Morning,247.14889208172917,50.871228865431696,1392.9142189945096
2026-06-27 11:52:00,ZONE_EAST,Afternoon,237.3794926860715,55.008284287135325,1335.690794202584
2026-06-27 11:58:00,ZONE_NORTH,Afternoon,248.3935704539793,49.36755985614059,1276.996837809609
2026-06-27 12:00:00,ZONE_EAST,Morning,126.61990119476158,52.12785707152504,788.3955165796147
2026-06-27 12:02:00,ZONE_WEST,Afternoon,180.62193445321685,46.6523256768586,735.5732681556236
2026-06-27 12:08:00,ZONE_CENTRAL,Afternoon,216.2257155205778,57.66994594600848,760.293675794519
2026-06-27 12:10:00,ZONE_SOUTH,Afternoon,259.8114913859605,50.053796081128,846.2032352515151
2026-06-27 12:24:00,ZONE_NORTH,Afternoon,203.63100384712592,59.7972001836049,1216.9175872868889
2026-06-27 12:28:00,ZONE_SOUTH,Morning,139.95777811546867,51.25268885596952,1340.834214340838
2026-06-27 12:30:00,ZONE_WEST,Night,150.13891713073116,58.752516145403575,1002.5744405961732
2026-06-27 12:34:00,ZONE_CENTRAL,Night,268.884682827843,45.62779741369786,1377.2579869874155
2026-06-27 12:36:00,ZONE_WEST,Morning,247.94854618457623,56.57522894422779,940.625500851344
2026-06-27 12:40:00,ZONE_SOUTH,Night,198.89227356601185,52.43808392003218,742.1606518316264
2026-06-27 12:42:00,ZONE_WEST,Afternoon,162.49751322662638,57.10842276497085,1396.1450606626604
2026-06-27 12:48:00,ZONE_NORTH,Afternoon,158.2247513068123,49.24108759821515,1261.090674281752
2026-06-27 12:52:00,ZONE_CENTRAL,Afternoon,219.82223090607528,46.77170882328371,853.911658906618
2026-06-27 12:56:00,ZONE_NORTH,Night,184.34098480462023,47.8569108436463,1196.7157911065217
2026-06-27 13:00:00,ZONE_EAST,Morning,208.09812767762295,52.01645166621644,636.126672284397
2026-06-27 13:04:00,ZONE_SOUTH,Morning,183.6366360996356,50.035919061669006,1230.999583201017
2026-06-27 13:10:00,ZONE_SOUTH,Afternoon,273.7446646606335,50.3353797417136,1271.2548603341463
2026-06-27 13:14:00,ZONE_WEST,Night,235.06848384831676,55.310635474488926,1317.547696407133
2026-06-27 13:18:00,ZONE_NORTH,Night,230.2818616745528,53.65078230407632,910.1932226614988
2026-06-27 13:28:00,ZONE_CENTRAL,Afternoon,228.67952021188395,54.93586434935752,929.9857594154212
2026-06-27 13:32:00,ZONE_NORTH,Morning,213.87704438236028,49.72952702905053,1013.4151257152452
2026-06-27 13:34:00,ZONE_SOUTH,Night,247.34610278722505,59.79865977623478,1018.012501452841
2026-06-27 13:36:00,ZONE_WEST,Morning,196.01263680803905,51.05930866615542,1080.1756325422052
2026-06-27 13:38:00,ZONE_SOUTH,Afternoon,246.9276922717976,55.31903317177928,814.6648520954602
2026-06-27 13:40:00,ZONE_SOUTH,Night,177.58121564072877,51.10732929939809,906.6884153080296
2026-06-27 13:48:00,ZONE_NORTH,Afternoon,125.01785100873414,53.97700889982133,866.4932463109676
2026-06-27 13:56:00,ZONE_CENTRAL,Morning,201.30620647330795,47.40340628890926,1350.7961266646168
2026-06-27 14:04:00,ZONE_SOUTH,Afternoon,149.65663611549593,45.392324588559056,856.7805869315245
2026-06-27 14:06:00,ZONE_CENTRAL,Afternoon,221.4926971611807,54.90233582541236,1159.1871685400276
2026-06-27 14:08:00,ZONE_WEST,Afternoon,250.9304338646835,49.15982281253343,1021.433527881107
2026-06-27 14:12:00,ZONE_SOUTH,Afternoon,169.66369524733517,57.80500198378845,1268.666608727872
2026-06-27 14:32:00,ZONE_NORTH,Night,199.44797017629296,58.30293967506495,703.7092017179411
2026-06-27 14:36:00,ZONE_SOUTH,Morning,205.58465382122307,45.54326351595079,1257.0334278554624
2026-06-27 14:38:00,ZONE_CENTRAL,Night,175.76146396513366,58.963301530609485,1111.102724485222
2026-06-27 14:40:00,ZONE_EAST,Afternoon,141.13068972304654,50.28393606914961,1359.807835770284
2026-06-27 14:42:00,ZONE_WEST,Night,162.5432387243619,50.06479316180095,638.9958842830042
2026-06-27 14:52:00,ZONE_NORTH,Night,216.21753716453668,53.65315880665083,1173.2388399316962
2026-06-27 14:54:00,ZONE_EAST,Afternoon,207.36798910124256,50.63199648838762,967.476162446995
2026-06-27 15:00:00,ZONE_EAST,Afternoon,121.37107372971852,46.59356363352239,868.4364768462978
2026-06-27 15:08:00,ZONE_NORTH,Night,148.99111351506923,59.60326532935108,922.950541965331
2026-06-27 15:16:00,ZONE_SOUTH,Night,156.3017463684712,54.32132213400961,615.8389840945258
2026-06-27 15:22:00,ZONE_CENTRAL,Afternoon,253.08130252835952,45.72821212412794,1019.271974043566
2026-06-27 15:24:00,ZONE_SOUTH,Afternoon,195.16787530856524,50.14272423420732,1049.3306695543831
2026-06-27 15:32:00,ZONE_SOUTH,Morning,152.96379577313348,48.58845504212136,1051.125776644801
2026-06-27 15:38:00,ZONE_WEST,Night,144.4868155462114,54.344783939121776,1366.8621453158912
2026-06-27 15:42:00,ZONE_SOUTH,Afternoon,186.1125408954974,53.88828827983928,1052.9697955979143
2026-06-27 15:44:00,ZONE_WEST,,260.29480510108124,50.876921084024254,1200.8585115491337
2026-06-27 15:50:00,ZONE_CENTRAL,Night,201.95376268964557,54.4773339668698,1237.620594673926
2026-06-27 15:54:00,ZONE_EAST,Morning,145.91474950447045,55.26292903960187,617.5861653875268
2026-06-27 15:56:00,ZONE_CENTRAL,Morning,232.1308740221887,55.65839286585979,1021.2150811283312
2026-06-27 16:02:00,ZONE_WEST,Afternoon,158.65360010733335,46.55218096123781,1174.758661004418
2026-06-27 16:06:00,ZONE_EAST,Morning,247.38975174941925,46.8511951795699,1155.906484381831
2026-06-27 16:14:00,ZONE_EAST,Afternoon,170.9043497286656,50.4798731447587,868.897228667719
2026-06-27 16:42:00,ZONE_NORTH,Afternoon,139.25447043888832,57.84053775714534,1203.483834038839
2026-06-27 16:48:00,ZONE_SOUTH,Night,155.7644515682418,57.60286506852928,1359.4622228363671
2026-06-27 16:50:00,ZONE_NORTH,Morning,128.9076503926361,58.99409470814655,625.9569390205795
2026-06-27 16:56:00,ZONE_SOUTH,Afternoon,220.02337467733665,50.96844591852674,906.357926958477
2026-06-27 17:04:00,ZONE_CENTRAL,Morning,122.36941778122002,53.35629728091708,776.5528262712443
2026-06-27 17:10:00,ZONE_WEST,Night,142.2656017452739,54.77526985367354,1278.5833060422792
2026-06-27 17:12:00,ZONE_WEST,Afternoon,157.91685094223757,48.8237494521079,1360.8343779806314
2026-06-27 17:18:00,ZONE_CENTRAL,Morning,162.97586584017375,52.01554340879776,1180.5848714904569
2026-06-27 17:34:00,ZONE_NORTH,Night,241.1843517329644,56.55963727767765,1311.36119876872
2026-06-27 17:38:00,ZONE_SOUTH,Afternoon,278.3231935201387,56.101559445758745,633.9445897989157
2026-06-27 17:42:00,ZONE_CENTRAL,Night,160.7685225650713,48.8214243744658,1147.3913812820645
2026-06-27 17:44:00,ZONE_SOUTH,Night,243.56146634451164,49.450449892378735,1042.8732871829682
2026-06-27 17:52:00,ZONE_CENTRAL,Afternoon,242.45318894952703,54.01155567450177,635.1499252441556
2026-06-27 17:54:00,ZONE_WEST,Morning,245.81148898177236,51.65097473528433,894.7178961768172
2026-06-27 17:58:00,ZONE_EAST,Morning,273.17017811061964,59.34493628092995,679.4609108893019
2026-06-27 18:02:00,ZONE_WEST,Morning,155.13904727669396,46.11887589101436,753.0484944254306
2026-06-27 18:20:00,ZONE_CENTRAL,Night,279.4676173684467,54.89207195310891,861.2523639670787
2026-06-27 18:22:00,ZONE_NORTH,Morning,262.9226618027324,54.26068272984224,829.0715540438318
2026-06-27 18:26:00,ZONE_WEST,Afternoon,252.0514055746934,46.107595470351015,729.3658769082849
2026-06-27 18:28:00,ZONE_SOUTH,Night,250.5312837220747,50.57861854660726,744.8498823383514
2026-06-27 18:36:00,ZONE_CENTRAL,Morning,217.4885950330412,59.20255984659536,1245.2372863125463
2026-06-27 18:44:00,ZONE_SOUTH,Afternoon,275.0460202084085,46.60987496752816,1383.97703168724
2026-06-27 18:46:00,ZONE_NORTH,Morning,194.7659773091392,54.43680441893535,890.5412006528767
2026-06-27 18:48:00,ZONE_CENTRAL,Morning,211.78451247820112,59.966843743663205,735.2536489316903
2026-06-27 18:50:00,ZONE_CENTRAL,Night,191.16887920940508,52.30405592329112,999.597364374432
2026-06-27 18:52:00,ZONE_NORTH,Morning,226.95817935734465,47.915970908365885,1180.2286157079575
2026-06-27 18:54:00,ZONE_NORTH,Morning,220.78728064980152,54.00366658378721,666.6167050464592
2026-06-27 19:02:00,ZONE_SOUTH,Morning,124.22137888088614,46.717446194708685,1154.4985697413658
2026-06-27 19:06:00,ZONE_SOUTH,Morning,161.38397794548808,49.88846334341469,931.3081145116652
2026-06-27 19:32:00,ZONE_NORTH,Afternoon,216.3470031022213,45.78757247903005,1064.4394574936318
2026-06-27 19:40:00,ZONE_NORTH,Morning,176.9353457991953,46.47174897188874,644.4852113494323
2026-06-27 19:48:00,ZONE_CENTRAL,Morning,278.26969197836536,59.80653422545509,909.2341305392648
2026-06-27 19:54:00,ZONE_SOUTH,Night,276.37904972442175,49.931455973042,825.9418130741399
2026-06-27 19:58:00,ZONE_CENTRAL,Afternoon,148.52002303327413,57.9699958255446,886.2368230557536
2026-06-27 20:18:00,ZONE_SOUTH,Night,214.4369915850174,46.50291543378441,707.0170138854314
2026-06-27 20:24:00,ZONE_NORTH,Morning,231.0209101933316,52.61800622430076,605.9188225539036
2026-06-27 20:48:00,ZONE_NORTH,Morning,251.55378484923267,48.682801828356105,745.834031095274
2026-06-27 20:50:00,ZONE_WEST,Morning,167.2963644006754,47.22563090750952,1212.7035666798852
2026-06-27 20:54:00,ZONE_WEST,Morning,202.11451868472832,55.37536084152985,832.5610085545754
2026-06-27 21:00:00,ZONE_CENTRAL,Afternoon,237.6037117085073,45.88156814670537,734.9046116361299
2026-06-27 21:02:00,ZONE_WEST,Morning,150.17928304682098,46.61125032665086,651.3534847387851
2026-06-27 21:12:00,ZONE_NORTH,Afternoon,131.10325039048672,51.92460103715379,931.9668017620156
2026-06-27 21:14:00,ZONE_NORTH,Morning,248.42866603294704,55.31883358635194,817.3998293764205
2026-06-27 21:26:00,ZONE_WEST,Morning,258.060685455876,45.496388602406384,715.6486828977577
2026-06-27 21:28:00,ZONE_WEST,Night,132.77702793316104,51.89311609362901,971.15775181143
2026-06-27 21:32:00,ZONE_CENTRAL,Night,198.88465672336628,58.40866739304033,1009.0845139908008
2026-06-27 21:34:00,ZONE_WEST,Morning,210.26031100191943,48.81850714799314,907.8813897214718
2026-06-27 21:42:00,ZONE_SOUTH,Night,124.71621633991164,52.45477555264685,1239.1218518563496
2026-06-27 21:50:00,ZONE_EAST,Morning,218.34257904872032,58.61326033756827,1199.3508152283862
2026-06-27 21:58:00,ZONE_EAST,Night,226.3680070187336,56.51623617589932,856.1378324970864
2026-06-27 22:08:00,ZONE_SOUTH,Afternoon,135.0784560763596,45.42031992398351,1246.992234053062
2026-06-27 22:12:00,ZONE_EAST,Afternoon,165.81857086194535,49.263897993174,1058.2143223020475
2026-06-27 22:14:00,ZONE_WEST,Night,242.27907539516988,49.67485544881608,622.5848423592545
2026-06-27 22:20:00,ZONE_SOUTH,Night,204.24311163731772,54.701578930632,920.9321282616216
2026-06-27 22:24:00,ZONE_NORTH,Morning,148.85695492506431,57.14614582950404,784.862098097703
2026-06-27 22:30:00,ZONE_CENTRAL,Night,169.94052430049695,53.29909310625884,968.6502383802832
2026-06-27 22:32:00,ZONE_EAST,Afternoon,122.01520610710828,55.48524201781713,982.9759196729456
2026-06-27 22:36:00,NAN,Night,167.53539506769297,49.88174248119251,1300.9661811101118
2026-06-27 22:38:00,ZONE_WEST,Afternoon,128.68338966229976,48.14933473053927,1020.656845018496
2026-06-27 22:46:00,ZONE_SOUTH,Morning,128.42273802034578,49.40232801750486,614.4133180961037
2026-06-27 22:52:00,ZONE_EAST,Afternoon,263.4514439950844,47.31994617828114,663.0844499023756
2026-06-27 22:56:00,ZONE_WEST,Night,243.2210067086271,48.31217098858183,1329.150646353411
2026-06-27 23:04:00,ZONE_SOUTH,Afternoon,154.089176117281,50.33876017878636,1024.0197094599605
2026-06-27 23:06:00,ZONE_NORTH,Afternoon,218.57477138399892,56.49828454016332,704.6643428588419
2026-06-27 23:12:00,ZONE_WEST,Afternoon,124.85427949093092,52.32922874968622,1284.5832673133928
2026-06-27 23:14:00,ZONE_NORTH,Night,279.7757068698469,45.35465112534494,1227.771544504874
2026-06-27 23:16:00,ZONE_CENTRAL,Afternoon,219.78045325781056,58.79040749077183,1267.6606919959625
2026-06-27 23:20:00,ZONE_EAST,Night,129.5219908102359,52.377340223872125,972.8526274549884
2026-06-27 23:24:00,ZONE_NORTH,Morning,267.9460301266553,58.53943434277075,1396.2267225133842
2026-06-27 23:28:00,ZONE_CENTRAL,Night,176.67936051027908,58.89831002314376,1078.7888851408047
2026-06-27 23:32:00,ZONE_SOUTH,Morning,162.0911542133666,46.71588043974287,806.8768309045417
2026-06-27 23:34:00,ZONE_CENTRAL,Morning,212.17294064231905,51.83621159777094,891.0092439853886
2026-06-27 23:38:00,ZONE_WEST,Morning,146.34035945046642,59.25186862207427,736.5059656507021
2026-06-27 23:46:00,ZONE_WEST,Afternoon,234.2744698971702,54.9467513399028,1003.0496726211096
2026-06-27 23:52:00,ZONE_CENTRAL,Night,122.28431706973318,55.95282477144883,750.8176888867733
2026-06-28 00:00:00,ZONE_WEST,Night,144.14655723416476,51.72763137713019,994.460524714516
2026-06-28 00:02:00,ZONE_CENTRAL,Afternoon,246.8283980471403,50.753706957914346,885.5956219674052
2026-06-28 00:06:00,ZONE_SOUTH,Morning,165.28271454140312,0.0,1138.4758200647425
2026-06-28 00:08:00,ZONE_WEST,Night,190.07423423401093,51.842403701334064,632.6991819885066
2026-06-28 00:20:00,ZONE_SOUTH,Night,278.4281269809149,46.711331239351765,647.7907245850088
2026-06-28 00:24:00,ZONE_SOUTH,Night,225.88651421032336,59.556783072179016,869.0612898643824
2026-06-28 00:26:00,ZONE_EAST,Afternoon,191.71648232417425,47.46170587639585,1145.6661624687572
2026-06-28 00:40:00,ZONE_CENTRAL,Afternoon,253.64903373735203,46.4295420690987,878.5020196756816
2026-06-28 00:46:00,ZONE_EAST,Afternoon,139.35996280193064,46.98339882096009,897.265679469745
2026-06-28 00:54:00,ZONE_WEST,Afternoon,223.2818376765919,48.1012564643669,1240.7899269596346
2026-06-28 00:58:00,ZONE_CENTRAL,Night,132.45426449768223,50.576137680460185,1371.7301445746689
2026-06-28 01:08:00,ZONE_WEST,Night,121.24543524303476,46.92808968183347,1398.4164118564183
2026-06-28 01:18:00,ZONE_CENTRAL,Morning,189.2162121531084,49.21171433023781,708.2408577872161
2026-06-28 01:20:00,ZONE_EAST,Afternoon,200.5222241441303,54.57760373601577,1124.8061671236285
2026-06-28 01:22:00,ZONE_EAST,Afternoon,222.0262473837745,52.473960778131485,1243.0192406913752
2026-06-28 01:24:00,ZONE_WEST,Night,167.37021451401375,59.21846561022581,946.2343393654884
2026-06-28 01:26:00,ZONE_CENTRAL,Morning,233.6679546218848,54.42068911166142,1048.5480655115714
2026-06-28 01:28:00,ZONE_CENTRAL,Afternoon,147.09309718511065,54.77757783886773,1330.177666633033
2026-06-28 01:32:00,ZONE_SOUTH,Morning,211.49573262247128,57.748106238455335,766.8844416278939
2026-06-28 01:44:00,ZONE_CENTRAL,Morning,135.2074333858697,58.22811153597244,1122.0279719527716
2026-06-28 01:46:00,ZONE_NORTH,Afternoon,272.0855159245067,45.59831978373742,897.928915211553
2026-06-28 01:48:00,ZONE_CENTRAL,Night,276.8662976372491,47.201918519768576,865.3971933448499
2026-06-28 01:50:00,ZONE_CENTRAL,Night,207.2730712627987,56.28241003538234,1345.28265808582
2026-06-28 01:58:00,ZONE_CENTRAL,Afternoon,126.3055256464624,46.03394655360294,1168.371426877162
2026-06-28 02:02:00,ZONE_SOUTH,Night,129.86270134989178,57.89988873426775,695.5225858020324
2026-06-28 02:06:00,ZONE_CENTRAL,Morning,142.70931372150378,52.211818427871215,947.4367856937616
2026-06-28 02:08:00,ZONE_WEST,Afternoon,168.75564896847658,47.51593030427437,804.3291007861665
2026-06-28 02:14:00,ZONE_NORTH,Night,158.8749533527313,53.83299663511264,1104.6742251232372
2026-06-28 02:16:00,ZONE_WEST,Afternoon,222.7694329265629,51.158293030073686,1091.5591538528952
2026-06-28 02:22:00,ZONE_WEST,Night,160.6684342889052,45.50192796755636,927.6567214438064
2026-06-28 02:26:00,ZONE_SOUTH,Morning,274.5759796370371,57.36830946117307,775.8175338118749
2026-06-28 02:28:00,ZONE_WEST,Afternoon,253.1580706497965,59.98817479868758,1153.6539874169555
2026-06-28 02:46:00,ZONE_CENTRAL,Night,144.90803404227802,50.69852592348434,631.1915358545826
2026-06-28 02:56:00,ZONE_NORTH,Morning,227.312491863343,54.17647964938425,655.8501526786696
2026-06-28 03:00:00,ZONE_NORTH,Night,131.4116783060503,58.39424858304848,941.7564822379755
2026-06-28 03:06:00,ZONE_NORTH,Morning,166.44712251182634,56.127187068332105,1049.228722481069
2026-06-28 03:12:00,ZONE_CENTRAL,Morning,127.05475462360512,58.4185580473059,900.1561534143029
2026-06-28 03:20:00,ZONE_SOUTH,Afternoon,252.30456704431495,51.9556870025898,943.6811313341176
2026-06-28 03:38:00,ZONE_WEST,Morning,201.1430212224616,49.62849577054088,1382.81050768585
2026-06-28 03:50:00,ZONE_CENTRAL,Night,225.79734132189853,58.8910893950508,983.5374672902
2026-06-28 03:52:00,ZONE_CENTRAL,Morning,233.58480732473728,52.48138342770629,808.9930647132987
2026-06-28 03:54:00,ZONE_NORTH,Night,121.71071841816024,58.91060083658512,709.6799574390664
2026-06-28 03:58:00,ZONE_NORTH,Afternoon,254.92192685148228,55.52151196340132,1178.2767002746314
2026-06-28 04:10:00,ZONE_WEST,Afternoon,229.9795787097813,58.66409043732136,1146.778075546877
2026-06-28 04:14:00,ZONE_SOUTH,Night,234.08269371740465,50.73400616214886,817.9444823404332
2026-06-28 04:16:00,ZONE_WEST,Night,145.2325794015187,51.72389791066439,787.5108961738292
2026-06-28 04:18:00,ZONE_EAST,Morning,160.36305433613535,51.5717027010606,683.1502100711407
2026-06-28 04:20:00,ZONE_WEST,Morning,145.06358053818136,50.22345430245241,640.4317094437014
2026-06-28 04:22:00,ZONE_EAST,Night,272.46565017016155,52.183249140365206,1286.760847085177
2026-06-28 04:24:00,ZONE_EAST,Afternoon,184.86463373614785,53.10752810313431,639.8795157080333
2026-06-28 04:26:00,ZONE_WEST,Morning,173.95518558563617,49.47383775190532,670.9929332200913
2026-06-28 04:34:00,ZONE_CENTRAL,Afternoon,130.96044681150306,46.82410895304345,753.4396459652737
2026-06-28 04:40:00,ZONE_WEST,Afternoon,242.74690245509632,50.38699271967986,866.693310460957
2026-06-28 04:54:00,ZONE_NORTH,Morning,266.36029302806446,53.526568095676325,1268.075472103941
2026-06-28 05:00:00,ZONE_NORTH,Night,149.9760668259883,52.46320157972499,765.0385897958101
2026-06-28 05:02:00,ZONE_NORTH,Morning,265.5137276878034,49.09666870711036,974.6047270565148
2026-06-28 05:04:00,ZONE_NORTH,Night,203.1996998459075,57.09306933091574,1223.713457933111
2026-06-28 05:08:00,ZONE_SOUTH,Afternoon,156.45491009224008,45.68592616073445,1130.7989043015573
2026-06-28 05:10:00,ZONE_SOUTH,Afternoon,198.4355159445985,56.70550726888703,1004.9145996466384
2026-06-28 05:24:00,ZONE_CENTRAL,Night,194.8070159510025,45.35290355721365,815.4049460791852
2026-06-28 05:30:00,ZONE_EAST,Afternoon,275.50792811237363,53.785781722049705,839.3320664513174
2026-06-28 05:32:00,ZONE_SOUTH,Night,256.04278309374786,59.04830273545652,844.3129370972836
2026-06-28 05:34:00,ZONE_NORTH,Morning,233.0190034960492,45.822858587507824,984.943727289754
2026-06-28 05:38:00,ZONE_NORTH,Afternoon,146.42767992295165,47.66607188512163,935.2440404712712
2026-06-28 05:42:00,ZONE_SOUTH,Afternoon,187.69208364743724,57.51950856721819,730.504731985417
2026-06-28 05:52:00,ZONE_WEST,Night,210.0225595596959,58.018644009865696,1082.4066179380393
2026-06-28 05:54:00,ZONE_WEST,Morning,248.4746081773707,47.26409862421861,960.376329326318
2026-06-28 05:58:00,ZONE_WEST,Morning,157.36668830821893,46.80671025989911,1337.3965423478844
2026-06-28 06:02:00,ZONE_NORTH,Morning,273.0513371923456,57.56309505679389,1183.3075071311084
2026-06-28 06:04:00,ZONE_CENTRAL,Morning,254.95666706008225,52.68517308807466,1108.8344043503464
2026-06-28 06:10:00,ZONE_NORTH,Afternoon,266.14607010624513,57.61025029499319,939.9778986392748
2026-06-28 06:14:00,ZONE_NORTH,Night,248.1295191482932,54.84948404824838,889.3027674722101
2026-06-28 06:18:00,ZONE_CENTRAL,Night,216.48061446878583,57.55275121308647,1384.5041001172376
2026-06-28 06:20:00,ZONE_CENTRAL,Afternoon,248.4889948625886,54.80612118206125,1296.6256274415296
2026-06-28 06:24:00,ZONE_WEST,Morning,150.90524017935678,45.7036995197566,844.1832357198684
2026-06-28 06:26:00,ZONE_EAST,Night,226.86791577537355,55.72046928344301,682.8271897480438
2026-06-28 06:42:00,ZONE_CENTRAL,Night,205.11291180530827,56.95303327394672,1160.752751214202
2026-06-28 06:46:00,ZONE_WEST,Morning,272.70424157297055,49.61560916039695,914.207307643754
2026-06-28 06:48:00,ZONE_EAST,Morning,196.57339718924376,58.855742722004365,1392.5673916495266
2026-06-28 06:54:00,ZONE_WEST,Afternoon,179.7405695258944,46.16405805291906,806.2555816694543
2026-06-28 06:56:00,ZONE_CENTRAL,Night,264.33955811926205,45.92398693696988,631.8130961836931
2026-06-28 07:04:00,ZONE_NORTH,Morning,184.05689508319333,57.09375047356036,891.094768497855
2026-06-28 07:08:00,ZONE_EAST,Morning,177.465891884867,55.87949291933526,1223.344805125405
2026-06-28 07:14:00,ZONE_NORTH,Night,129.00399809779853,51.80997703846968,1072.1086053636416
2026-06-28 07:16:00,ZONE_CENTRAL,,185.9190383187476,53.10475276501114,792.5158508115012
2026-06-28 07:22:00,ZONE_NORTH,Night,212.43772322573471,52.9617722328141,849.9178997749754
2026-06-28 07:26:00,ZONE_CENTRAL,Afternoon,229.71315668577213,53.3674452032337,1123.350284482348
2026-06-28 07:30:00,ZONE_NORTH,Afternoon,187.8793125130528,48.25122093282775,832.0779574091785
2026-06-28 07:34:00,ZONE_EAST,Night,142.5245344019571,47.06001197861868,602.6345830911079
2026-06-28 07:40:00,ZONE_EAST,Night,196.2383035766122,49.673389456427245,777.8851625535298
2026-06-28 07:44:00,ZONE_SOUTH,Night,235.46376708027773,0.0,723.3293250831664
2026-06-28 07:48:00,ZONE_EAST,Night,266.31045916064755,57.29798379845408,1146.655660410162
2026-06-28 07:54:00,ZONE_NORTH,Morning,193.976896149546,57.23432431979369,623.6422327532948
2026-06-28 07:56:00,ZONE_CENTRAL,Morning,186.0271910405666,46.94509886541111,875.9479487550557
2026-06-28 08:04:00,ZONE_SOUTH,Night,137.50398807365343,51.31203508102664,1355.6119386305677
2026-06-28 08:14:00,ZONE_NORTH,Morning,264.03757718913755,55.77474180810776,1386.304233351162
2026-06-28 08:16:00,ZONE_SOUTH,Afternoon,203.6770424169332,56.3614116260311,628.6753218596485
2026-06-28 08:18:00,ZONE_CENTRAL,Morning,138.32099143503703,49.9601197849657,1128.6004439306384
2026-06-28 08:22:00,ZONE_WEST,Afternoon,153.08168385116187,51.91726058557781,703.5704772762557
2026-06-28 08:30:00,ZONE_CENTRAL,Night,265.8589128805485,59.10073844021821,1031.984841691536
2026-06-28 08:36:00,ZONE_CENTRAL,Afternoon,270.66157633173896,55.20461573352003,1081.0001579777413
2026-06-28 08:56:00,ZONE_WEST,Afternoon,237.4232593439349,47.650187878168,965.8371199636164
2026-06-28 09:06:00,ZONE_NORTH,Afternoon,202.982190506562,58.82143001394505,863.3502453182782
2026-06-28 09:08:00,ZONE_WEST,Night,244.6508022975152,59.884807840321145,928.5117056168992
2026-06-28 09:12:00,ZONE_EAST,Morning,146.06665488025905,55.97389544621427,863.1245237612341
2026-06-28 09:16:00,ZONE_SOUTH,Night,208.7518682533305,51.11401215802024,738.0039575879143
2026-06-28 09:18:00,ZONE_WEST,Night,212.04473517676,49.32101277432614,793.3438525657382
2026-06-28 09:24:00,ZONE_SOUTH,Night,162.92515128631806,49.26620278518762,1185.2603821026669
2026-06-28 09:30:00,ZONE_WEST,Morning,254.19272392541757,51.04139969987705,1060.21039124067
2026-06-28 09:32:00,ZONE_EAST,Night,188.57033801628677,57.45770097329196,836.1317962389624
2026-06-28 09:38:00,ZONE_CENTRAL,Afternoon,219.51401986095624,52.52593394186222,1075.3968042803235
2026-06-28 09:40:00,ZONE_WEST,Afternoon,183.25704173782128,49.11395888247219,800.8410595514123
2026-06-28 09:44:00,SOUTH ZONE,Afternoon,188.03030137178533,58.49658834745737,918.8507102352212
2026-06-28 09:50:00,ZONE_CENTRAL,Afternoon,253.09185894175732,54.90921143096635,1271.6841273879795
2026-06-28 10:10:00,ZONE_EAST,Morning,212.03332689004816,57.0559350966873,1068.5129701107337
2026-06-28 10:12:00,ZONE_NORTH,Night,277.64319809614426,51.370467773643774,1068.7057698822334
2026-06-28 10:14:00,ZONE_WEST,Afternoon,159.60098057116863,50.63276872535181,995.0446618321142
2026-06-28 10:22:00,ZONE_WEST,Afternoon,270.2816366258438,55.99485712368613,940.9171266244016
2026-06-28 10:26:00,ZONE_EAST,Afternoon,236.1233675132444,46.53732389729879,1140.4138558922
2026-06-28 11:10:00,ZONE_SOUTH,Morning,128.35929339213246,50.326125158252,1151.2594673198803
2026-06-28 11:22:00,ZONE_CENTRAL,Night,132.61089235884543,57.35681398379878,1220.26658127137
2026-06-28 11:30:00,ZONE_SOUTH,Night,198.0955225396524,52.51935488304135,1077.0726120880825
2026-06-28 11:34:00,ZONE_WEST,Night,259.032223136129,54.01347645817312,1196.5392336190223
2026-06-28 11:42:00,ZONE SOUTH,Afternoon,157.9081473170316,54.02215986414497,775.1981672436498
2026-06-28 11:44:00,ZONE_NORTH,Night,244.1874387264358,52.568360212231056,653.847110699105
2026-06-28 11:52:00,ZONE_WEST,Afternoon,188.67049311360552,54.19182734421037,1044.9901805602324
2026-06-28 11:54:00,ZONE_WEST,Afternoon,168.7701031432212,46.51577451535984,883.3921589070301
2026-06-28 11:58:00,ZONE_NORTH,Morning,215.00012038514876,50.24148901462193,1022.5183046362912
2026-06-28 12:00:00,ZONE_WEST,Morning,122.5177568597671,58.72705548129325,623.8485782830609
2026-06-28 12:04:00,ZONE_WEST,Night,225.82113245519824,48.92093762331727,659.4388305887474
2026-06-28 12:06:00,ZONE_CENTRAL,Morning,125.1300314090888,50.09005919135823,1156.7665511200555
2026-06-28 12:08:00,ZONE_WEST,Night,133.3122906414296,47.46664829229616,949.8046713620884
2026-06-28 12:16:00,ZONE_WEST,Afternoon,123.54506070659896,56.74342553697129,1286.5973587651931
2026-06-28 12:20:00,ZONE_SOUTH,Night,163.9499990379867,53.762664652495154,889.1629267071738
2026-06-28 12:32:00,ZONE_WEST,Afternoon,276.79777716593753,53.45889125223517,910.3202919509076
2026-06-28 12:40:00,ZONE_SOUTH,Night,178.3018096223656,56.87567317597716,1025.446407070934
2026-06-28 12:48:00,ZONE_WEST,Night,216.58113598289063,55.755324491173376,1240.860736199595
2026-06-28 13:16:00,ZONE_CENTRAL,Night,133.55658932645088,57.62189894579661,948.8454644142936
2026-06-28 13:18:00,ZONE_SOUTH,Afternoon,219.6756620300953,53.61942487771939,1359.117442428348
2026-06-28 13:22:00,ZONE_EAST,Afternoon,126.9529994081873,47.687883924108526,1207.6444828054664
2026-06-28 13:28:00,ZONE_NORTH,Night,237.744317738964,59.19864123944621,667.5084384075587
2026-06-28 13:36:00,ZONE_CENTRAL,Morning,197.32983179156705,53.38313927753352,1063.191132798952
2026-06-28 13:42:00,ZONE_CENTRAL,Night,184.0514371979648,53.51758190529371,694.0869077065232
2026-06-28 13:46:00,ZONE_NORTH,Morning,209.53197471293976,57.7230617771252,927.797509485908
2026-06-28 13:48:00,ZONE_SOUTH,Afternoon,226.48150540115412,51.0444073945912,1322.4421322021817
2026-06-28 13:50:00,ZONE_CENTRAL,Night,276.5320762312076,56.58871672510142,1329.5873568861557
2026-06-28 13:52:00,Z_SOUTH,Morning,236.5417897761172,54.31089134300867,1214.5390613470715
2026-06-28 13:58:00,ZONE_NORTH,Night,125.52062023973215,57.64406327131297,667.7553692693577
2026-06-28 14:02:00,ZONE_CENTRAL,Morning,242.95166407353884,45.88559812135485,941.612653165964
2026-06-28 14:06:00,ZONE_SOUTH,Morning,233.9501109878583,55.013382549386925,1278.2344720104245
2026-06-28 14:08:00,ZONE_WEST,Afternoon,212.7647748111065,49.57288287234056,1097.1447672486306
2026-06-28 14:12:00,ZONE_EAST,Afternoon,161.85996900669278,52.9736213705029,768.8105831898883
2026-06-28 14:18:00,ZONE_NORTH,Morning,244.57021560748157,45.57163080162801,988.489326795588
2026-06-28 14:24:00,ZONE_NORTH,Night,251.56395383566803,58.76687532671277,682.5221286132534
2026-06-28 14:26:00,ZONE_SOUTH,Night,210.0271265094894,56.26183735705054,729.2331679514156
2026-06-28 14:28:00,ZONE_CENTRAL,Night,274.30228106516165,47.94765009481739,1001.3797174266608
2026-06-28 14:34:00,ZONE_NORTH,Night,179.19106112871486,48.42098070304432,1260.4641615299513
2026-06-28 14:38:00,ZONE_SOUTH,Afternoon,148.86199615483406,56.15332691271267,815.9177516446225
2026-06-28 14:40:00,ZONE_SOUTH,Morning,208.400556201847,53.1441086293862,1321.1141994643967
2026-06-28 14:42:00,ZONE_EAST,Morning,154.4751092398738,56.23749753368875,637.7932736581222
2026-06-28 14:46:00,ZONE_WEST,Afternoon,278.4851048134109,47.96225937988146,634.5340114249785
2026-06-28 14:52:00,ZONE_SOUTH,Night,247.0497001412408,52.52686383384496,1314.685259727721
2026-06-28 14:54:00,ZONE_EAST,Afternoon,275.02765979499884,58.24755088608976,748.8720492752483
2026-06-28 14:58:00,ZONE_NORTH,Morning,155.2390203844577,0.0,1002.8280372465068
2026-06-28 15:04:00,ZONE_SOUTH,Afternoon,186.2893299734677,47.76611362711054,1010.997832456606
2026-06-28 15:08:00,ZONE_WEST,Morning,185.80038375661903,52.60341650399379,1191.4163950814168
2026-06-28 15:12:00,Z_NORTH,Morning,174.96505783972708,46.17048436669329,1370.4344179153716
2026-06-28 15:14:00,ZONE_WEST,Afternoon,274.1574845849876,56.67719884292293,916.4311010889116
2026-06-28 15:18:00,ZONE_CENTRAL,Morning,220.88338275970773,56.09336824198217,753.8101248159508
2026-06-28 15:22:00,ZONE_SOUTH,Night,179.21428481119534,49.58849288748733,856.8426283039882
2026-06-28 15:26:00,ZONE_SOUTH,Night,140.41970979804051,56.63627229319547,673.806939779325
2026-06-28 15:30:00,ZONE_SOUTH,Morning,195.44642025410644,58.03341758016582,668.7827175000333
2026-06-28 15:34:00,ZONE_EAST,Morning,162.23373666109936,54.84749429845012,673.921146024564
2026-06-28 15:38:00,ZONE_NORTH,Afternoon,178.74125364964243,57.94864855291068,950.6845228162532
2026-06-28 15:48:00,SOUTH ZONE,Morning,203.5000176597723,47.62723342630469,644.9559493866055
2026-06-28 15:50:00,ZONE_EAST,Night,221.91072169770084,54.96307328686368,1336.1540798136543
2026-06-28 15:54:00,ZONE_EAST,Night,212.6299481928571,45.732688288629,1072.8380438853503
2026-06-28 15:56:00,ZONE_EAST,Morning,223.5468435281577,55.02577020463919,1308.3295599346989
2026-06-28 15:58:00,ZONE_CENTRAL,Afternoon,229.90177254108104,54.16740957724787,921.7271978189184
2026-06-28 16:00:00,ZONE_EAST,Afternoon,244.2245315235365,54.99424440643338,1256.5280315289992
2026-06-28 16:20:00,ZONE_NORTH,Afternoon,251.8368622651305,59.244235980758376,1018.393821523802
2026-06-28 16:22:00,ZONE_SOUTH,Afternoon,228.33620421717836,54.64441790740874,1058.1072872398172
2026-06-28 16:44:00,ZONE_EAST,Night,268.496974316494,46.537156745784586,952.3743447828566
2026-06-28 16:54:00,ZONE_WEST,Afternoon,170.95510809636886,58.30251809628073,1076.4391170313652
2026-06-28 16:56:00,ZONE_EAST,Morning,235.71671337688556,50.30728186243398,1009.171139462014
2026-06-28 17:02:00,ZONE_EAST,Night,276.4279062605932,54.67277929282327,745.0503618841398
2026-06-28 17:12:00,ZONE_CENTRAL,Afternoon,177.9890257900433,51.33557044747966,1376.735830821504
2026-06-28 17:22:00,ZONE_WEST,Morning,173.88681777313707,55.01597255462561,889.8932654971525
2026-06-28 17:28:00,ZONE_EAST,Morning,269.1986847644288,0.0,1083.5222653686965
2026-06-28 17:30:00,ZONE_EAST,Morning,240.01478605658224,58.86164279054098,734.9088893133018
2026-06-28 17:38:00,ZONE_NORTH,Morning,182.83336514307476,59.43885823945087,656.0878341794487
2026-06-28 17:40:00,ZONE_WEST,Morning,218.56616453439312,50.82608364257426,814.8905542020977
2026-06-28 17:54:00,ZONE_CENTRAL,Afternoon,155.19991555786004,51.8040498475268,1182.5777675260133
2026-06-28 17:56:00,ZONE_WEST,Morning,196.6746011893626,57.64205180675484,1358.5949706421225
2026-06-28 18:08:00,ZONE_WEST,Morning,197.6115176901078,52.92318922240405,1277.439680651809
2026-06-28 18:16:00,ZONE_SOUTH,Night,233.30718749369132,46.776098624241214,1382.933749578586
2026-06-28 18:22:00,ZONE_NORTH,Afternoon,229.91013690667248,51.14704594006248,1397.7405472397704
2026-06-28 18:26:00,ZONE_SOUTH,Afternoon,148.7834109975742,52.9189302213987,1270.4040607609732
2026-06-28 18:36:00,ZONE_CENTRAL,Night,270.2936025188779,55.26507215660912,1110.224521854798
2026-06-28 18:48:00,ZONE_WEST,Night,198.38299910146785,55.61306669370739,655.8027882562714
2026-06-28 18:50:00,ZONE_SOUTH,Afternoon,125.14644325162102,47.493659516377896,761.7140849947083
2026-06-28 18:52:00,ZONE_NORTH,Morning,219.9355602432247,46.28523464463724,1235.202991363914
2026-06-28 19:04:00,ZONE_NORTH,Night,239.87781289639477,59.83818585636082,1147.083940028166
2026-06-28 19:06:00,ZONE_CENTRAL,Morning,269.8155115953733,52.25033166519526,1365.624084034528
2026-06-28 19:10:00,ZONE_EAST,Afternoon,121.93000285158412,49.14388599989918,872.3732741523261
2026-06-28 19:14:00,ZONE_EAST,Afternoon,232.37414945629789,57.56031701094047,999.2454358881104
2026-06-28 19:16:00,ZONE_NORTH,Night,164.65362178420537,55.8566003007869,621.4510382541368
2026-06-28 19:20:00,ZONE_CENTRAL,Afternoon,152.36434897450704,54.24947749564145,786.7461032120668
2026-06-28 19:34:00,ZONE_WEST,Morning,153.29759942728117,54.24523454423992,1169.6281110026275
2026-06-28 19:36:00,ZONE_NORTH,Afternoon,169.79097639503112,48.44218178744405,773.2021405444235
2026-06-28 19:38:00,ZONE_EAST,Afternoon,243.19876499499264,47.21862789060197,1085.1132446210454
2026-06-28 19:44:00,ZONE_NORTH,Afternoon,278.91617076488785,57.101061648188505,822.5231334689075
2026-06-28 19:48:00,ZONE_EAST,Night,167.9348248936345,45.35651136686995,679.6285288886528
2026-06-28 19:50:00,ZONE_NORTH,Morning,219.7058805991328,52.54526040463952,1005.1290456177286
2026-06-28 19:54:00,ZONE_CENTRAL,Night,138.65647462860812,47.63548557260931,840.5214984041311
2026-06-28 20:08:00,ZONE_WEST,Morning,194.5232312796684,47.092230883332846,1395.8077098455972
2026-06-28 20:12:00,ZONE_SOUTH,Night,141.90701183930605,51.894476635415,1125.6097255100276
2026-06-28 20:14:00,ZONE_EAST,Afternoon,174.5627348990725,46.272221249353656,1316.3708462071788
2026-06-28 20:20:00,ZONE_EAST,Afternoon,266.3606242140736,51.03317750644115,1221.172211581189
2026-06-28 20:22:00,ZONE_EAST,Morning,205.90772182721872,45.514301364679,755.9418644785047
2026-06-28 20:24:00,ZONE_EAST,Afternoon,236.44224648207103,49.39916943061669,1167.8448711231922
2026-06-28 20:26:00,ZONE_SOUTH,Afternoon,139.4343633451404,59.54636457326427,660.1027533150548
2026-06-28 20:30:00,ZONE_CENTRAL,Night,232.44656342045536,52.7204853594357,692.6460082524668
2026-06-28 20:40:00,ZONE_NORTH,Afternoon,263.9771650958712,59.60867820535941,686.0091304457095
2026-06-28 20:46:00,ZONE_NORTH,Afternoon,150.74763731431182,48.09258747530618,1305.2138058509036
2026-06-28 20:50:00,ZONE_EAST,Night,173.92044661396136,59.06030176037208,836.5071880774724
2026-06-28 20:52:00,ZONE_EAST,Night,140.64066800372143,53.99035111754755,1153.87275513009
2026-06-28 20:54:00,ZONE_SOUTH,Morning,203.7008180649959,56.13308281994556,627.4653086974495
2026-06-28 20:56:00,ZONE_EAST,Night,221.2846248652388,52.21177141144872,762.8427649419767
2026-06-28 21:00:00,ZONE_WEST,Morning,161.47842166244322,51.76150065450204,1135.4611302188591
2026-06-28 21:12:00,ZONE_NORTH,Morning,186.5789671090976,53.45962974433401,977.9199750714914
2026-06-28 21:16:00,ZONE_EAST,Morning,218.886988659798,50.03354762054676,612.5760082427598
2026-06-28 21:24:00,ZONE_WEST,Afternoon,169.99813218285678,59.621151876291165,1355.2533194109835
2026-06-28 21:26:00,ZONE_NORTH,Afternoon,175.68482443332044,48.05342568665812,1358.2816584574668
2026-06-28 21:42:00,ZONE_NORTH,Afternoon,205.1593291426849,48.94685103472224,617.8630644427067
2026-06-28 21:48:00,ZONE_WEST,Morning,185.2790979597044,51.52484463468454,996.2953525075034
2026-06-28 21:52:00,ZONE_WEST,Afternoon,197.20089462113813,54.02923073852232,1142.60004837051
2026-06-28 21:56:00,ZONE_SOUTH,Night,206.65527404773485,50.12064260813745,1213.8861288341964
2026-06-28 22:04:00,ZONE_CENTRAL,Night,208.9683878847937,47.77947299010612,840.1456167146357
2026-06-28 22:10:00,ZONE_EAST,Night,220.00311266689664,55.46481109162696,1382.8770671303864
2026-06-28 22:18:00,ZONE_CENTRAL,Afternoon,266.54843937660496,49.38655318533768,1221.2255542166315
2026-06-28 22:20:00,ZONE_CENTRAL,Night,273.2996472767381,57.75509136824726,1358.9669725736896
2026-06-28 22:22:00,ZONE_WEST,Afternoon,121.68416740955224,52.0532341507216,999.1953235616
2026-06-28 22:26:00,ZONE_EAST,Afternoon,229.28293095906577,49.465467486835145,1326.1752186004169
2026-06-28 22:30:00,ZONE_NORTH,Morning,122.43409523125686,59.154829737929454,1313.2674491800203
2026-06-28 22:32:00,ZONE_CENTRAL,Night,257.797345901878,53.93260189096021,913.700802241094
2026-06-28 22:38:00,ZONE_CENTRAL,Night,122.49000740139456,53.28453894198347,1092.783339528356
2026-06-28 22:50:00,ZONE_NORTH,Night,139.72892885142795,59.48985808215397,990.2598802036356
2026-06-28 22:58:00,ZONE_NORTH,Morning,228.58390994925867,57.671642979784565,1387.072937335373
2026-06-28 23:04:00,ZONE_WEST,Afternoon,166.07657726920007,49.57858263898176,1399.378169619119
2026-06-28 23:06:00,ZONE_CENTRAL,Morning,266.4051877553735,49.79536286339548,1279.773214416976
2026-06-28 23:10:00,ZONE_EAST,Night,179.2236669360667,48.25639060107698,1276.106820416396
2026-06-28 23:14:00,ZONE_NORTH,Morning,263.0571708487573,54.07032987777647,1107.8570540238711
2026-06-28 23:16:00,ZONE_CENTRAL,Night,262.11039247427,46.407413709664745,773.217625788004
2026-06-28 23:18:00,ZONE_EAST,Night,256.759381124916,47.385501843203606,692.8509205205393
2026-06-28 23:20:00,ZONE_WEST,Morning,255.21306203768023,59.94088414718249,1314.2970018624817
2026-06-28 23:22:00,ZONE_WEST,Night,196.84064017378475,48.10353806757459,1111.715955006443
2026-06-28 23:28:00,ZONE_WEST,Morning,199.1356433071144,59.93874287932196,1378.6212362827134
2026-06-28 23:44:00,ZONE_NORTH,Morning,249.6751387311349,57.608393886444,1308.0487009628916
2026-06-28 23:48:00,ZONE_SOUTH,Afternoon,185.85020350416485,58.210695532916645,1114.828382628585
2026-06-28 23:50:00,ZONE_NORTH,Morning,203.00932993349656,50.02859631138705,914.9643383432036
2026-06-29 00:02:00,ZONE_WEST,Afternoon,193.89350952969733,58.99356102026927,1086.1171066091774
2026-06-29 00:14:00,ZONE_NORTH,Afternoon,206.74200148898663,48.39580217801215,1066.8806187550097
2026-06-29 00:16:00,ZONE_EAST,Morning,230.34171870641936,55.84881105707369,629.0370227285996
2026-06-29 00:24:00,Z_SOUTH,Afternoon,185.74745115101425,51.648612074809634,949.1086999743044
2026-06-29 00:30:00,ZONE_NORTH,Afternoon,262.56883101469134,56.08725458698485,893.6249404972687
2026-06-29 00:32:00,ZONE_NORTH,Night,173.29368769501968,53.4113117079486,1287.3334898610062
2026-06-29 00:34:00,ZONE_EAST,Night,143.6038134683755,48.51024223079985,847.3540794475601
2026-06-29 00:36:00,ZONE_WEST,Afternoon,135.44807657563922,51.22904047693383,1025.2031876022747
2026-06-29 00:42:00,ZONE_SOUTH,Night,150.01775816726794,46.83334737394846,1188.7798968038624
2026-06-29 00:44:00,ZONE_CENTRAL,Night,123.46366441395966,53.13136341376444,1024.074450779813
2026-06-29 00:48:00,ZONE_NORTH,Morning,228.79656778412183,57.90511376947093,985.0058654860431
2026-06-29 00:58:00,ZONE_CENTRAL,Morning,226.75045514280976,59.08305919236394,793.5623276060778
2026-06-29 01:02:00,ZONE_NORTH,Night,234.64858236463996,48.56546718981832,1322.5684050323744
2026-06-29 01:04:00,ZONE_NORTH,Morning,215.6687082911728,45.38344070965871,1022.9387545070132
2026-06-29 01:06:00,ZONE_CENTRAL,Night,153.88788617304763,45.68374080481421,1024.1202562303306
2026-06-29 01:10:00,ZONE_EAST,Morning,188.38470835641613,54.12310376412253,1108.9158467513855
2026-06-29 01:12:00,ZONE_NORTH,Morning,273.91642475746016,51.29350823200191,1029.3507294902183
2026-06-29 01:18:00,ZONE_EAST,Afternoon,236.53645399624992,52.110128144621456,1302.7019357564795
2026-06-29 01:22:00,ZONE_CENTRAL,Night,200.83623644826784,49.78910055999575,1082.7994359773606
2026-06-29 01:26:00,ZONE_NORTH,Night,228.94856586296044,56.6702067428234,847.6071670097853
2026-06-29 01:30:00,ZONE_EAST,Afternoon,262.532280571883,56.323057570015074,931.1276187488156
2026-06-29 01:34:00,ZONE_CENTRAL,Afternoon,232.03434541525348,53.37525333783091,825.8579179920064
2026-06-29 01:36:00,ZONE_CENTRAL,Night,200.36827482587876,56.711577206137775,745.6874098744528
2026-06-29 01:38:00,ZONE_CENTRAL,Morning,146.60987203345317,52.69901461614536,1066.0938011698026
2026-06-29 01:40:00,ZONE_WEST,Night,232.8608895435868,55.57039511398622,1092.011886693666
2026-06-29 01:54:00,ZONE_CENTRAL,Night,195.6769570193177,52.86347691643441,1122.4447263960535
2026-06-29 01:58:00,ZONE_EAST,Afternoon,217.15671204774253,45.55288816389979,1259.1336222619911
2026-06-29 02:08:00,ZONE_SOUTH,Morning,223.62709697933207,0.0,1286.6686509191036
2026-06-29 02:34:00,ZONE_SOUTH,Morning,140.7619573594023,47.63160968065701,833.7814839228863
2026-06-29 02:40:00,ZONE_SOUTH,Night,254.2478668926972,59.49853040919706,602.7539991555278
2026-06-29 02:42:00,ZONE_CENTRAL,Night,269.0275510537951,51.076242039557584,1333.83843799649
2026-06-29 02:44:00,ZONE_NORTH,Afternoon,171.59124642957664,58.06015357882223,843.8889526224685
2026-06-29 02:48:00,ZONE_SOUTH,Night,246.88130545960607,57.67716013128945,1158.784647782551
2026-06-29 02:56:00,ZONE_SOUTH,Afternoon,263.1237179057556,59.50637465142486,1289.309298683447
2026-06-29 03:02:00,ZONE_NORTH,Afternoon,163.3700784224582,50.134895941302666,1083.7808957063792
2026-06-29 03:12:00,ZONE_EAST,Night,134.1500139736804,57.69664534865541,1302.8645701004612
2026-06-29 03:14:00,ZONE_CENTRAL,Afternoon,272.69909795651773,51.22049456316147,1069.5667481230987
2026-06-29 03:16:00,ZONE_SOUTH,Afternoon,267.4116747354901,47.953145687755296,863.7436589841
2026-06-29 03:30:00,ZONE_EAST,Afternoon,199.48321810034616,54.33063607668173,950.4121410064648
2026-06-29 03:36:00,ZONE_CENTRAL,Night,127.77066448948736,51.1689095647856,687.3357614034311
2026-06-29 03:38:00,ZONE_SOUTH,Morning,216.5962748056209,59.27084188346242,1123.3879974082677
2026-06-29 03:40:00,ZONE_CENTRAL,Morning,248.0657379989885,52.0989176522993,1085.6000007825353
2026-06-29 03:42:00,ZONE_CENTRAL,Morning,213.598679792307,56.80624155287354,978.22131651748
2026-06-29 03:52:00,ZONE_CENTRAL,Afternoon,278.6290706492941,48.48896555366891,1191.0472921289092
2026-06-29 04:02:00,ZONE_CENTRAL,Night,129.49411692902237,58.77467553273016,1269.7396562755553
2026-06-29 04:12:00,ZONE_SOUTH,Afternoon,251.34554145129857,54.664970870495374,1134.1251501838692
2026-06-29 04:16:00,ZONE_EAST,Night,207.06914467700813,47.60687983588828,949.59726059052
2026-06-29 04:20:00,ZONE_WEST,Morning,160.15783768370903,58.9596043205663,816.5934507915929
2026-06-29 04:24:00,ZONE_NORTH,Morning,248.9731464631884,57.7372546430924,1016.2533777552524
2026-06-29 04:32:00,ZONE_NORTH,Night,234.15391173864,51.41463639619629,1096.9312770204049
2026-06-29 04:36:00,ZONE_WEST,Afternoon,127.4466433950509,58.94127128458761,1392.365605923001
2026-06-29 04:40:00,ZONE_SOUTH,Morning,223.25113333401868,58.407325168750745,1333.4644605707574
2026-06-29 04:42:00,ZONE_WEST,Night,186.78194043208745,58.43836992782053,1209.475847026988
2026-06-29 04:46:00,ZONE_WEST,Afternoon,266.03216165713764,52.678560364926106,1002.449746602388
2026-06-29 04:50:00,ZONE_NORTH,Night,182.2988816610241,56.158617487932034,708.9786193327719
2026-06-29 04:52:00,ZONE_NORTH,Night,270.44988814844027,56.55931616967199,885.4132652497544
2026-06-29 04:56:00,ZONE_EAST,Night,208.75098970352923,46.18374414239743,1202.1085482792544
2026-06-29 05:06:00,ZONE_WEST,Night,160.60762280895875,59.787471309483465,1002.4352930916504
2026-06-29 05:08:00,ZONE_EAST,Afternoon,187.5966000898256,53.5254841722582,1158.534728876786
2026-06-29 05:18:00,ZONE_NORTH,Morning,168.11025082033763,58.66809516436793,832.5873827668981
2026-06-29 05:20:00,ZONE_CENTRAL,Morning,208.11892494257157,56.07958301548837,862.4868488852153
2026-06-29 05:22:00,ZONE_SOUTH,Morning,166.41476239211966,58.428255634797424,951.2017739920044
2026-06-29 05:26:00,ZONE_WEST,Night,176.6084529030361,52.6286404091918,1187.2456834641605
2026-06-29 05:32:00,ZONE_NORTH,Afternoon,143.51366494460984,58.02307332597314,601.4639577197468
2026-06-29 05:36:00,ZONE_SOUTH,Afternoon,279.72438861971943,45.6538666094477,1250.5536319835787
2026-06-29 05:40:00,ZONE_EAST,Afternoon,165.89001996375788,59.2121440400492,1051.0553000541124
2026-06-29 05:42:00,ZONE_EAST,Afternoon,184.3912221509748,58.528396399589376,763.7918530776774
2026-06-29 05:44:00,ZONE_EAST,Morning,238.32055278497324,58.48285448362333,1332.6861934766323
2026-06-29 05:46:00,ZONE_CENTRAL,Morning,274.9621691013117,46.25085510989069,1338.5363485896532
2026-06-29 05:48:00,SOUTH ZONE,Night,192.87538731669883,51.08465612035359,716.8563071666831
2026-06-29 05:50:00,ZONE_SOUTH,Morning,252.72358644614,50.675406372496575,1179.3271593650657
2026-06-29 05:54:00,ZONE_EAST,Night,259.75570736896066,45.88663023562447,1078.8380943840782
2026-06-29 05:56:00,ZONE_EAST,Morning,156.3439594834123,51.68294625407993,742.9229206607971
2026-06-29 06:04:00,ZONE_EAST,Morning,152.20005832818714,48.1504373218548,1263.4019932163665
2026-06-29 06:08:00,ZONE_CENTRAL,Night,242.4245057357675,50.51211950725072,1079.5004880536187
2026-06-29 06:16:00,ZONE_CENTRAL,Afternoon,224.44156095618007,53.563386180106434,691.4605964809618
2026-06-29 06:34:00,ZONE_NORTH,Morning,191.6920242530615,55.58793510844026,1349.9524231899543
2026-06-29 06:38:00,ZONE_CENTRAL,Morning,174.12569475358544,53.57201397538938,866.7357564122781
2026-06-29 06:42:00,ZONE_EAST,Afternoon,139.92084069851077,50.90230559909369,875.9520835373937
2026-06-29 06:48:00,ZONE_CENTRAL,Afternoon,149.26783974741005,56.20450809226261,605.460008613536
2026-06-29 07:00:00,ZONE_CENTRAL,Morning,247.2739073954348,53.71164000049517,975.8015562395528
2026-06-29 07:18:00,ZONE_CENTRAL,Night,169.5267186979341,46.30313529568698,1277.5732333661067
2026-06-29 07:20:00,Z_NORTH,Morning,211.05711685804863,59.94081672961445,850.04696277621
2026-06-29 07:26:00,ZONE_CENTRAL,Afternoon,249.4948525981924,57.77273305991376,918.790151311468
2026-06-29 07:28:00,ZONE_WEST,Afternoon,195.286069566444,50.77695662039106,653.0604890704541
2026-06-29 07:32:00,ZONE_WEST,Afternoon,255.60009926021468,56.43670303448852,1306.4526464709463
2026-06-29 07:34:00,ZONE_EAST,Night,173.28627765814306,54.320019592359856,1259.584213003916
2026-06-29 07:42:00,ZONE_WEST,Night,165.88731667016637,53.6596884199468,988.718585591056
2026-06-29 07:44:00,ZONE_CENTRAL,Afternoon,275.0798622116014,49.67612569120193,1207.9736253565793
2026-06-29 07:52:00,ZONE_EAST,Morning,183.2648016847532,54.285955205729984,757.9618598608065
2026-06-29 07:58:00,ZONE_CENTRAL,Morning,126.71528054497072,52.10623631411356,889.147852101202
2026-06-29 08:02:00,ZONE_EAST,Morning,258.3990356847255,59.24926035043366,864.1021503430173
2026-06-29 08:04:00,ZONE_WEST,Morning,210.0639722170864,49.96719019318078,1125.4067166063742
2026-06-29 08:06:00,ZONE_SOUTH,Morning,272.0549562422248,46.99615683643593,795.8235717286095
2026-06-29 08:10:00,ZONE_SOUTH,Morning,167.2417008137558,45.82995494961516,887.6716591359433
2026-06-29 08:12:00,ZONE_EAST,Night,150.96693971833162,49.1378446677174,1232.3850167291498
2026-06-29 08:14:00,ZONE_CENTRAL,Morning,208.6144467565978,58.90257124646965,709.3519317742508
2026-06-29 08:16:00,ZONE_CENTRAL,Afternoon,181.2468529727855,46.74080741423051,889.5823594818282
2026-06-29 08:20:00,ZONE_CENTRAL,Morning,222.84030623352749,50.21460096707564,939.0764196004612
2026-06-29 08:22:00,ZONE_NORTH,Afternoon,205.80773852754984,58.99492362800616,946.475603616272
2026-06-29 08:30:00,ZONE_EAST,Morning,152.84346792810538,48.67333231420642,1214.9310644068837
2026-06-29 08:34:00,ZONE_SOUTH,Night,175.3777579350584,51.548386100362016,930.9027344878832
2026-06-29 08:36:00,ZONE_EAST,Afternoon,239.47622995216503,48.0634537544646,1106.8229737402116
2026-06-29 08:44:00,ZONE_EAST,Afternoon,262.31148133626834,46.63983642432456,675.0386679672399
2026-06-29 08:48:00,NAN,Morning,227.25658234588784,47.678950644942965,866.5440490566905
2026-06-29 08:54:00,ZONE_NORTH,Morning,237.353643521252,59.61578154492359,983.933438638058
2026-06-29 09:12:00,ZONE_WEST,Afternoon,162.4249967528504,46.37975315474375,771.0305015841622
2026-06-29 09:14:00,ZONE_SOUTH,Morning,160.86566733629493,58.0303941571159,809.3192105956803
2026-06-29 09:20:00,ZONE_NORTH,Afternoon,127.72350191327703,45.4488355990985,1219.3043048494806
2026-06-29 09:22:00,ZONE_EAST,Morning,120.16356793511169,53.05760519689465,659.6588185999846
2026-06-29 09:30:00,ZONE_SOUTH,Morning,172.36004926493072,51.656807420898105,1335.1931072772918
2026-06-29 09:34:00,ZONE_EAST,Night,163.12169939492756,54.25057198596451,1225.147611779692
2026-06-29 09:38:00,ZONE_EAST,Afternoon,213.0448758843377,54.12489613281313,857.1312808160062
2026-06-29 09:56:00,ZONE_CENTRAL,Night,148.6590854651128,59.647873231733946,631.4382665830428
2026-06-29 10:06:00,ZONE_EAST,Morning,254.48853708020224,48.048547391207954,1342.6280093205928
2026-06-29 10:12:00,ZONE_CENTRAL,Afternoon,193.88325862340463,52.36721845938506,1132.4100661673317
2026-06-29 10:16:00,ZONE_CENTRAL,Morning,172.2785699963794,58.72994379594973,1274.5007789513188
2026-06-29 10:24:00,ZONE_EAST,Afternoon,239.63846170267072,48.57124305116598,1229.965234326459
2026-06-29 10:28:00,ZONE_SOUTH,Afternoon,186.3516989288205,48.778644717529325,693.5563771944644
2026-06-29 10:30:00,ZONE_CENTRAL,Night,133.17474609547548,52.630016124935246,905.2158882447924
2026-06-29 10:32:00,ZONE-NORTH,Night,217.0441387280854,45.28697753401816,786.7946226478005
2026-06-29 10:34:00,ZONE_SOUTH,Morning,136.59682632679906,52.252523259386486,680.4252406289753
2026-06-29 10:36:00,ZONE_NORTH,Afternoon,253.7455331529528,58.21789415993443,688.229654738932
2026-06-29 10:46:00,ZONE_SOUTH,Night,247.4733868068116,59.30708365223097,1264.1792778283534
2026-06-29 10:54:00,ZONE_NORTH,Night,201.51723805502635,52.75075179564903,705.0323152836905
2026-06-29 10:56:00,ZONE_WEST,Night,239.5478672863441,57.14163631989196,1129.607385547706
2026-06-29 11:04:00,ZONE_CENTRAL,Morning,154.43530324262062,54.39361086142341,1360.7900290994016
2026-06-29 11:06:00,ZONE_CENTRAL,Afternoon,130.54862229719717,47.922906090130894,683.938116219715
2026-06-29 11:12:00,ZONE_NORTH,Night,242.6491670986805,59.58956117759155,664.1537291559235
2026-06-29 11:16:00,ZONE_WEST,Night,261.07402743444754,54.256504887085946,1119.976497800444
2026-06-29 11:24:00,ZONE_SOUTH,Afternoon,249.26909513003508,49.20476519409587,1017.0294323993515
2026-06-29 11:26:00,ZONE_WEST,Afternoon,146.74118677017404,59.25498065172982,976.889616217793
2026-06-29 11:30:00,ZONE_EAST,Afternoon,244.8414929472765,46.38891472374609,1299.1194940011592
2026-06-29 11:34:00,ZONE_WEST,Night,171.56759574446536,0.0,1286.4931065593971
2026-06-29 11:36:00,ZONE_CENTRAL,Afternoon,209.2484289934635,56.54265116880106,729.4471675817593
2026-06-29 11:40:00,ZONE_SOUTH,Afternoon,155.8249923061569,56.60202849183101,1380.081388335086
2026-06-29 11:48:00,ZONE_EAST,Night,134.33819583925165,47.45390231850584,1022.6588652467026
2026-06-29 11:54:00,ZONE_SOUTH,Night,258.3609432966159,54.16100317167209,1132.876974206337
2026-06-29 11:58:00,ZONE_WEST,Morning,234.2513881827736,55.74526206476571,1025.6142552895517
2026-06-29 12:10:00,ZONE_WEST,Night,168.38137697798828,53.2173699925874,742.8971256236815
2026-06-29 12:12:00,ZONE_SOUTH,Night,247.313069615174,53.32320627638936,684.8838845723261
2026-06-29 12:14:00,ZONE_EAST,Morning,173.72585336045378,51.06731393466709,909.5516328270036
2026-06-29 12:32:00,ZONE_CENTRAL,Afternoon,171.31188560661167,59.85452075920276,1063.545458175942
2026-06-29 12:40:00,ZONE_NORTH,Night,153.80219716940286,54.69688380024296,1182.2547252085906
2026-06-29 12:42:00,ZONE_NORTH,Afternoon,181.11735515044853,51.743280139904776,1147.0877800070666
2026-06-29 12:56:00,ZONE_SOUTH,Morning,233.6046956280367,56.80912998221855,1179.1893999790004
2026-06-29 13:02:00,ZONE_WEST,Afternoon,173.52335586292756,53.11363176322721,1171.719122765721
2026-06-29 13:04:00,ZONE_CENTRAL,Afternoon,173.52335586292756,57.20678008181323,893.9015093179077
2026-06-29 13:08:00,ZONE_CENTRAL,Afternoon,270.5513909233047,52.460873190675066,1073.619853222178
2026-06-29 13:14:00,ZONE_WEST,Morning,203.9706800583586,49.84813109486771,953.12351990118
2026-06-29 13:16:00,ZONE_SOUTH,Night,207.0298259664429,52.361194587298485,834.1199716308433
2026-06-29 13:24:00,ZONE_NORTH,Morning,174.9472985809078,47.89994376020218,644.8891828157922
2026-06-29 13:34:00,ZONE_SOUTH,Morning,191.88158270893427,49.00049521426227,635.5652915413477
2026-06-29 13:38:00,ZONE_SOUTH,Afternoon,256.983384045806,46.98450946647727,955.2309304322996
2026-06-29 13:42:00,ZONE_NORTH,Night,149.39653445462997,55.090376419502846,1383.9127768522746
2026-06-29 13:58:00,ZONE_EAST,Afternoon,155.99200702032542,48.02958581185835,656.2646261475517
2026-06-29 14:00:00,ZONE_NORTH,Morning,260.45314686241954,45.5095577334886,986.6476089678664
2026-06-29 14:04:00,ZONE_EAST,Night,210.09508445959884,47.61857408590584,754.0411642837596
2026-06-29 14:08:00,ZONE_NORTH,Morning,222.33873993637695,45.14425744425846,733.4500055405946
2026-06-29 14:14:00,ZONE_WEST,Afternoon,173.5556299063443,50.08083079145151,1147.7106654904856
2026-06-29 14:16:00,ZONE_WEST,Morning,149.4197185153586,56.85470427363288,1333.9251666953508
2026-06-29 14:26:00,ZONE_EAST,Night,271.8153341547298,49.49761646811943,1105.1808414699333
2026-06-29 14:28:00,ZONE_NORTH,Afternoon,173.68655074984568,48.38182890449631,1338.6026304324917
2026-06-29 14:30:00,ZONE_WEST,Afternoon,172.0353906199415,46.76977076071233,1139.517369228245
2026-06-29 14:36:00,ZONE_NORTH,Night,274.0579734697187,50.22085597690119,801.8444248804728
2026-06-29 15:04:00,ZONE_NORTH,Afternoon,121.03920255988103,55.94337071257483,674.8782449013233
2026-06-29 15:16:00,ZONE_NORTH,Afternoon,234.29572406435275,58.4752785790632,903.3707317657928
2026-06-29 15:22:00,ZONE_EAST,Night,212.65828318009684,59.68457026134439,1170.1291490509625
2026-06-29 15:26:00,ZONE_WEST,Afternoon,184.8252275227105,49.50846730995636,955.510025289714
2026-06-29 15:30:00,ZONE_SOUTH,Morning,229.1988853979438,52.774762930645466,1206.1312623880483
2026-06-29 15:34:00,ZONE_CENTRAL,Morning,230.97882204526056,55.13877378862654,811.3508580404216
2026-06-29 15:38:00,ZONE_NORTH,Night,234.76216405726836,51.622540603414166,1044.5572070349926
2026-06-29 15:44:00,ZONE_EAST,Afternoon,187.1263431242739,51.642577776077616,646.3565251288015
2026-06-29 16:00:00,ZONE_CENTRAL,Afternoon,277.3828049652499,55.87074790695191,1183.940486285852
2026-06-29 16:04:00,ZONE_SOUTH,Afternoon,177.96726921433094,46.492746543002575,933.6014964877502
2026-06-29 16:10:00,ZONE_EAST,Morning,199.4758121757085,52.96947053942182,1228.8345677871716
2026-06-29 16:12:00,ZONE_NORTH,Morning,216.00231639690168,53.05775858518727,967.7814591593616
2026-06-29 16:14:00,ZONE_WEST,Night,148.93095664038322,46.68145608761683,615.559393993625
2026-06-29 16:20:00,ZONE_CENTRAL,,236.9019074020604,59.42812811624128,1202.5387773997
2026-06-29 16:36:00,ZONE_WEST,Morning,161.44627361928235,50.770130763112434,1071.5451864004856
2026-06-29 16:52:00,ZONE_EAST,Afternoon,239.7703549525803,59.9779951015374,1076.9663700526962
2026-06-29 16:56:00,ZONE_NORTH,Afternoon,232.84537984629,57.08742039997667,813.545758276605
2026-06-29 16:58:00,ZONE_NORTH,Afternoon,210.7977404453754,56.10115167940114,912.7532983114248
2026-06-29 17:02:00,ZONE_CENTRAL,Afternoon,215.6473332356533,45.13491774202222,794.5293502363527
2026-06-29 17:04:00,ZONE_WEST,Morning,122.37903589528317,53.05012643619631,1058.3587789579346
2026-06-29 17:08:00,ZONE_SOUTH,Afternoon,142.88970915275323,51.49802111378659,1133.8337453824065
2026-06-29 17:16:00,ZONE_NORTH,Night,156.17587098027076,51.41493860420773,1278.0475933323985
2026-06-29 17:18:00,ZONE_WEST,Afternoon,255.47551846347733,56.57512403487711,1105.6584884536287
2026-06-29 17:26:00,ZONE_EAST,Night,140.52428359401054,55.76932714297264,1190.705906421616
2026-06-29 17:30:00,ZONE_WEST,Night,249.77696643202552,56.63902022995462,1101.5799027218452
2026-06-29 17:36:00,ZONE_EAST,Night,125.19362268196424,49.87356445417955,1052.9778758485188
2026-06-29 17:40:00,ZONE_WEST,Afternoon,141.33632108057816,45.4775319981673,829.7953881425565
2026-06-29 17:46:00,ZONE_SOUTH,Afternoon,127.9692604133475,47.91330915959955,1233.788933795415
2026-06-29 17:54:00,ZONE_NORTH,Morning,253.24400499637585,49.2959369476453,948.425953237797
2026-06-29 17:58:00,ZONE_SOUTH,Afternoon,236.4534660126995,49.36788397701387,756.1154158775091
2026-06-29 18:04:00,ZONE_CENTRAL,Morning,170.6795493211896,54.308328015554864,1062.156470152124
2026-06-29 18:06:00,ZONE_SOUTH,Night,239.9604605915261,46.391399234349365,838.0141880251158
2026-06-29 18:14:00,ZONE_CENTRAL,Night,176.50204692498824,46.373735374128735,847.5416249594326
2026-06-29 18:18:00,ZONE_NORTH,Night,212.55717755693743,51.86493407538259,1012.2530687130836
2026-06-29 18:26:00,ZONE_NORTH,Morning,135.17931402802876,54.30321090445122,833.6064395763652
2026-06-29 18:34:00,ZONE_WEST,Morning,146.48652717169395,55.83789899329104,957.6546475422545
2026-06-29 18:40:00,ZONE_EAST,Afternoon,276.9450493264208,46.93677223242327,741.562375439883
2026-06-29 18:44:00,ZONE_EAST,Night,124.00242430253668,52.3564186049386,1044.3756968082712
2026-06-29 18:46:00,ZONE_NORTH,Morning,216.6204783398541,59.36694351515024,816.1555675975953
2026-06-29 18:56:00,ZONE_EAST,Afternoon,245.31543312836777,46.5596561881998,1018.0358650490456
2026-06-29 19:02:00,ZONE_CENTRAL,Night,183.03108235049356,58.947251559398666,612.1329716887211
2026-06-29 19:04:00,ZONE_SOUTH,Morning,217.810781928493,52.18987605353034,1183.8760709695218
2026-06-29 19:14:00,ZONE_WEST,Night,122.95315608639108,50.849290085128345,1045.1554555402045
2026-06-29 19:22:00,ZONE_NORTH,Afternoon,161.8388645964191,48.45064564252386,1253.130739303598
2026-06-29 19:32:00,ZONE_WEST,Morning,240.3956945497216,51.12592334655029,882.1159372456785
2026-06-29 19:44:00,ZONE_SOUTH,Night,269.5259170625925,58.94868859428061,1292.697638791673
2026-06-29 20:02:00,ZONE_CENTRAL,Afternoon,279.941700068071,48.33808462951174,1119.4037803704073
2026-06-29 20:06:00,ZONE_WEST,Morning,243.42879823886983,46.91265410973448,640.2262962835828
2026-06-29 20:12:00,ZONE_EAST,Afternoon,163.20032716489288,58.87875993480074,745.8774447021782
2026-06-29 20:14:00,ZONE_NORTH,Night,226.86987912769044,49.08247140551308,1022.164233722378
2026-06-29 20:16:00,NORTH ZONE,Night,249.01684492697436,54.314559591633646,606.817117057263
2026-06-29 20:24:00,ZONE_NORTH,Morning,169.93911445427273,49.50949152786785,1324.5475891684998
2026-06-29 20:34:00,ZONE_NORTH,Afternoon,221.21492292879952,57.99291260556759,615.5357569579159
2026-06-29 20:38:00,ZONE_WEST,Afternoon,263.59726156726794,58.64288638280276,1218.741245381717
2026-06-29 20:40:00,ZONE_NORTH,,258.0461673074225,55.24428366402503,682.8709237056233
2026-06-29 20:46:00,ZONE_SOUTH,Night,180.2969572774574,56.40625154966739,736.4828861702614
2026-06-29 20:52:00,ZONE_CENTRAL,Afternoon,151.38889711007658,53.82801598622269,1143.7612162969458
2026-06-29 21:00:00,ZONE_SOUTH,Afternoon,231.87338840598036,54.79036603040522,1138.5643279708402
2026-06-29 21:08:00,ZONE_CENTRAL,Morning,271.5470706729216,52.12530387986799,1166.0146968490576
2026-06-29 21:12:00,ZONE_CENTRAL,Afternoon,225.26142965384503,46.09482768534808,700.6550799506501
2026-06-29 21:18:00,ZONE_NORTH,Morning,168.15236422585411,51.9755306499847,879.9293665759741
2026-06-29 21:20:00,ZONE_NORTH,Morning,206.3006908845029,57.45199091276035,1231.4735163134442
2026-06-29 21:26:00,ZONE_SOUTH,Morning,177.02118887660384,58.77485561618137,601.2822151348054
2026-06-29 21:40:00,ZONE_WEST,Night,235.52338293760465,56.09291767844312,1140.3201771356455
2026-06-29 21:42:00,ZONE_EAST,Morning,226.63523136859283,53.211214264788026,825.3794188802638
2026-06-29 21:44:00,ZONE_SOUTH,Morning,141.55527121450618,59.56895734906016,612.368619763688
2026-06-29 21:48:00,ZONE_WEST,Morning,137.0810128791061,0.0,799.9528676948474
2026-06-29 21:50:00,ZONE_EAST,Night,250.65928065474185,50.283151293892686,1253.297892921844
2026-06-29 22:00:00,ZONE_SOUTH,Morning,137.03161421329727,52.27522792606349,1276.2897252644102
2026-06-29 22:02:00,ZONE_SOUTH,Night,275.07849720590394,51.78344003282854,693.3798723286056
2026-06-29 22:08:00,ZONE_EAST,Morning,273.8666835491994,54.83748857011396,873.394427903711
2026-06-29 22:16:00,ZONE_SOUTH,Night,210.71133719674475,58.89380171760069,857.7404042721612
2026-06-29 22:22:00,ZONE_EAST,Night,126.14810330224938,47.7000491548955,1122.546881664352
2026-06-29 22:24:00,ZONE_CENTRAL,Morning,184.2704909698583,53.686580638257695,762.3246364441422
2026-06-29 22:30:00,ZONE_CENTRAL,Night,208.00619855977664,58.56662364169298,1100.1294490944786
2026-06-29 22:32:00,ZONE_SOUTH,Morning,135.5463491145545,56.93563687479523,1323.3565088542146
2026-06-29 22:34:00,ZONE_WEST,Afternoon,141.17288897921463,46.65536782798885,1325.8120644755818
2026-06-29 22:36:00,ZONE_NORTH,Morning,228.31993685852572,46.3040708820579,708.4400965011914
2026-06-29 22:38:00,ZONE_EAST,Afternoon,228.0074595663872,56.147794172113024,716.0604031838938
2026-06-29 22:48:00,ZONE_CENTRAL,Night,136.7156777305498,55.09166357045283,1146.7785118189963
2026-06-29 22:52:00,ZONE_NORTH,Night,165.93745774841116,50.55039861542054,1398.3730398462271
2026-06-29 22:54:00,ZONE_CENTRAL,Afternoon,136.7420491084201,49.61036916104148,944.8681742872144
2026-06-29 22:56:00,ZONE_SOUTH,Morning,242.1603335552586,56.99773027255166,1345.3488020069562
2026-06-29 23:00:00,ZONE_CENTRAL,Morning,209.0829951835985,58.059877900655934,1342.5118248975389
2026-06-29 23:10:00,ZONE_CENTRAL,Night,189.1915775368342,48.74553309789827,1142.0521806199008
2026-06-29 23:12:00,ZONE_SOUTH,Night,250.6828117007333,52.29253294374558,682.308996257641
2026-06-29 23:18:00,ZONE_EAST,Afternoon,223.32153144491,46.772387288345215,792.7278689845746
2026-06-29 23:20:00,ZONE_CENTRAL,Afternoon,255.3605477435835,46.89522932224202,1230.6904107986504
2026-06-29 23:28:00,ZONE_EAST,Afternoon,278.4425023566285,51.528883437783946,942.0487200965576
2026-06-29 23:32:00,ZONE_CENTRAL,Morning,238.3338383485198,57.98400429118602,1330.6970377265657
2026-06-29 23:38:00,ZONE_WEST,Morning,184.8163403275393,59.135934136306176,839.7323962439694
2026-06-29 23:48:00,ZONE_NORTH,Morning,184.8249931337864,56.5174621881494,1297.037586578058
2026-06-29 23:50:00,ZONE_NORTH,Afternoon,153.69267048079092,56.42041794958236,654.8853092319707
2026-06-29 23:52:00,ZONE_CENTRAL,Night,214.8781582052016,58.94364601506332,894.6865978255296
2026-06-29 23:58:00,ZONE_WEST,Night,157.5118158092863,50.32016083950632,1312.512254024975
2026-06-30 00:00:00,ZONE_WEST,Morning,237.05727109896384,51.53823433335633,899.8669588617275
2026-06-30 00:02:00,ZONE_CENTRAL,Afternoon,161.1036489671301,58.71718437592733,751.6145636603657
2026-06-30 00:16:00,ZONE_SOUTH,Morning,199.13888241760517,49.97763243043777,1153.772849475582
2026-06-30 00:22:00,ZONE_CENTRAL,Morning,248.0577045850554,50.516919590548135,1039.3025447754685
2026-06-30 00:26:00,ZONE_CENTRAL,Morning,206.1110994695045,59.79021557120409,604.5163604478134
2026-06-30 00:32:00,ZONE_WEST,Afternoon,167.9958253047252,50.71313116867064,1231.2195535633896
2026-06-30 00:34:00,ZONE_NORTH,Morning,145.65987762666754,47.22174493490282,1308.3113121070855
2026-06-30 00:38:00,ZONE_NORTH,Night,268.7081192042423,54.88087481391543,906.5890755273108
2026-06-30 00:40:00,ZONE_SOUTH,Morning,144.57896856069618,54.7461599845486,1132.676482868851
2026-06-30 00:46:00,ZONE_WEST,Night,249.10389566715023,46.17704266002757,1006.035278658632
2026-06-30 00:48:00,ZONE_WEST,Night,167.02763663544073,58.59370860599228,683.8969768089717
2026-06-30 00:52:00,ZONE_EAST,Afternoon,219.19460663405343,58.14269674068483,1200.0843978801167
2026-06-30 00:54:00,ZONE_EAST,Night,205.6983650998931,46.07407816136569,1027.7650874237668
2026-06-30 00:58:00,ZONE_NORTH,Morning,133.03839636948425,49.23625344699112,949.7829053289202
2026-06-30 01:04:00,ZONE_NORTH,Night,275.3563506542635,46.51036558393603,682.7833813230185
2026-06-30 01:06:00,ZONE_NORTH,Afternoon,228.56502571681037,56.62665046397509,970.8817436506748
2026-06-30 01:12:00,ZONE_NORTH,Morning,186.3116696056767,56.8425371883278,865.8724480121444
2026-06-30 01:14:00,ZONE_CENTRAL,Night,137.074217599003,56.50986050205593,914.81153610436
2026-06-30 01:18:00,ZONE_CENTRAL,Afternoon,248.8018078530758,46.674511828836,841.3473549395642
2026-06-30 01:22:00,ZONE_EAST,Afternoon,160.95692141487956,46.91007764313586,1355.76737898065
2026-06-30 01:24:00,ZONE_CENTRAL,Afternoon,125.12288853111215,56.53365711178744,1331.1985408317723
2026-06-30 01:30:00,ZONE_SOUTH,Night,187.3349421418669,50.39385450074895,1260.6521011533275
2026-06-30 01:32:00,ZONE_EAST,Afternoon,275.0808741951489,55.25250853043784,1268.749750286851
2026-06-30 01:46:00,ZONE_WEST,Morning,171.80303610687457,58.47712772766899,1394.4509733738887
2026-06-30 01:48:00,ZONE_SOUTH,Night,274.559119129194,49.4691130942425,1216.4376358142886
2026-06-30 01:50:00,ZONE_WEST,Afternoon,265.8837250941919,56.26865901332843,1013.9041467627604
2026-06-30 01:52:00,ZONE_SOUTH,Afternoon,271.86728081722083,53.411809070780265,911.464853714578
2026-06-30 01:54:00,ZONE_WEST,Morning,252.12135321871492,50.45109219477267,1074.2905675948143
2026-06-30 01:56:00,ZONE_CENTRAL,Morning,176.2636374582247,45.979869270064746,1012.6416813323832
2026-06-30 02:02:00,ZONE_EAST,Night,176.01140996399246,47.01668022520677,1268.7368689497257
2026-06-30 02:04:00,ZONE_WEST,Night,161.68895455783183,51.92338291281607,1250.899058510593
2026-06-30 02:06:00,ZONE_NORTH,Morning,207.5066068451554,50.58001885851175,657.1250188046321
2026-06-30 02:08:00,ZONE_EAST,Night,149.9443508158288,56.248917376860696,669.6054138485049
2026-06-30 02:10:00,ZONE_WEST,Morning,125.21987542502085,53.16275481914964,1127.848091841117
2026-06-30 02:14:00,ZONE_EAST,Afternoon,268.11850119062706,48.36681746240815,1126.021627757685
2026-06-30 02:16:00,ZONE_CENTRAL,Morning,146.02461660193936,53.46683308018013,715.700715450824
2026-06-30 02:28:00,ZONE_SOUTH,Night,263.52758211363056,52.6071254209597,916.04674760982
2026-06-30 02:30:00,ZONE_CENTRAL,Night,268.1853328841389,53.8595890008057,1320.951014318549
2026-06-30 02:36:00,ZONE_EAST,Afternoon,266.05421731103604,55.58917983995836,963.967731492967
2026-06-30 02:38:00,ZONE_SOUTH,Morning,134.80887133776451,57.431676501385866,1223.117838065646
2026-06-30 02:42:00,ZONE_NORTH,Morning,142.4795703777283,54.50917449113014,675.8660910553671
2026-06-30 02:48:00,ZONE_CENTRAL,Afternoon,145.40126641793333,46.37472823605392,1377.861880717736
2026-06-30 02:54:00,ZONE_NORTH,Night,263.00936691466086,56.724475165338426,713.1002611048442
2026-06-30 02:56:00,ZONE_NORTH,Night,261.41269175607766,57.913295577458754,1178.5849207637698
2026-06-30 02:58:00,ZONE_CENTRAL,Afternoon,170.7141845916803,47.63763552237148,1050.4894035226823
2026-06-30 03:04:00,ZONE_CENTRAL,Afternoon,241.40376996063011,59.11691572372406,653.0080664487293
2026-06-30 03:06:00,ZONE_NORTH,Night,209.77915868603893,54.609822300799536,851.9777604405815
2026-06-30 03:14:00,ZONE_WEST,Afternoon,264.97559194300527,57.22124665379536,864.6066297603546
2026-06-30 03:16:00,ZONE_EAST,Night,140.91624265076393,53.83192071905604,1182.09870783937
2026-06-30 03:24:00,ZONE_WEST,Afternoon,131.23796893911697,47.94839274688975,1117.9020764475931
2026-06-30 03:32:00,ZONE_CENTRAL,Night,253.71081395083075,49.267295899269406,698.7154910025894
2026-06-30 03:46:00,ZONE_EAST,Night,207.4435932531868,54.02740373380883,1249.4643019971747
2026-06-30 03:52:00,ZONE_WEST,Afternoon,207.1658646448328,53.584079808612216,656.3559505434885
2026-06-30 03:54:00,ZONE_SOUTH,,142.49357299982353,52.79476328869603,1321.375471038153
2026-06-30 03:56:00,ZONE_CENTRAL,Night,259.1504322015273,48.24337365065146,730.9063141033521
2026-06-30 04:00:00,ZONE_EAST,Morning,278.9816717588707,57.98019122480038,1084.1881761345307
2026-06-30 04:08:00,ZONE_SOUTH,Afternoon,183.2406559630268,56.66694998440786,1168.348646592695
2026-06-30 04:14:00,ZONE_EAST,Morning,203.49171599199235,54.42754655698405,985.2040745421056
2026-06-30 04:20:00,ZONE_NORTH,Night,124.96986502768536,46.4972790981228,1340.7470818984789
2026-06-30 04:24:00,ZONE_WEST,Afternoon,128.08323626757354,49.24151024114366,1378.3637864182515
2026-06-30 04:30:00,ZONE_CENTRAL,Morning,232.99407775441048,45.30604982644872,1315.0869419945975
2026-06-30 04:38:00,ZONE_NORTH,Afternoon,134.95262602702047,51.53871752425108,1268.3156624902826
2026-06-30 04:40:00,ZONE_EAST,Morning,233.09111120162305,55.22929307094198,702.8325420013167
2026-06-30 04:42:00,ZONE_WEST,Night,198.286425200602,54.89503278130961,813.9424580873657
2026-06-30 04:46:00,ZONE_NORTH,Afternoon,122.50757982219612,47.70112748903509,1385.5192435823983
2026-06-30 05:00:00,ZONE_NORTH,Afternoon,131.03796932138889,57.38621097521845,984.467454203192
2026-06-30 05:04:00,ZONE_EAST,Night,261.94699012713454,51.00077447159448,1300.937518945163
2026-06-30 05:08:00,ZONE_CENTRAL,Afternoon,139.5741721539426,51.3064238021336,1380.7859420770465
2026-06-30 05:12:00,ZONE_CENTRAL,Afternoon,193.782684460912,46.4893041966375,871.6725931166611
2026-06-30 05:14:00,ZONE_WEST,Morning,169.78671436342972,55.37952092951528,716.0506688741231
2026-06-30 05:18:00,ZONE_CENTRAL,Afternoon,243.63906312742597,55.22011296956255,1296.6716286937924
2026-06-30 05:26:00,ZONE_WEST,Afternoon,206.2957127745408,58.6734183504401,698.2945058219212
2026-06-30 05:30:00,ZONE_NORTH,,141.14294050717768,47.04718942672838,1095.7203601346528
2026-06-30 05:34:00,ZONE_EAST,Night,191.89488840029145,45.932893262507,1058.1232843405428
2026-06-30 05:36:00,ZONE_SOUTH,Afternoon,187.56673805373308,51.9822198142786,947.209129048503
2026-06-30 05:40:00,ZONE_WEST,Night,179.5647450895853,59.43539649977228,783.052380799176
2026-06-30 05:58:00,ZONE_SOUTH,Morning,168.12898577366946,55.26976349738232,821.9100017299145
2026-06-30 06:02:00,ZONE_WEST,Morning,208.325180134376,57.9888091289257,1101.9473202995166
2026-06-30 06:04:00,ZONE_EAST,Morning,177.18022455167397,53.67732720729678,609.639979916999
2026-06-30 06:06:00,ZONE_CENTRAL,Night,274.55899878533216,48.39681356092856,1308.1735434658988
2026-06-30 06:12:00,ZONE_NORTH,Night,247.21399370564157,59.0557155537805,1220.4387606354312
2026-06-30 06:22:00,ZONE_CENTRAL,Night,129.787480826551,59.51020644804706,1102.2918159550952
2026-06-30 06:24:00,ZONE_EAST,Morning,144.94702974503295,50.00043280359375,1237.7424466090488
2026-06-30 06:26:00,ZONE_CENTRAL,Night,190.69569394781712,50.76081432206798,1351.3888079252092
2026-06-30 06:32:00,ZONE_WEST,Morning,190.3958027267808,56.55751402286867,1269.3112139255732
2026-06-30 06:34:00,ZONE_EAST,Night,195.237593537485,50.74410902618845,730.5759727600572
2026-06-30 06:50:00,ZONE_EAST,Night,153.824029529744,58.091007733258,693.2192379926033
2026-06-30 06:56:00,ZONE_EAST,Night,214.1641090229382,56.51016962249298,1083.4545079322263
2026-06-30 06:58:00,ZONE_SOUTH,Night,121.7675432340444,51.0908274268919,767.4626319302446
2026-06-30 07:06:00,ZONE_WEST,Morning,127.36722560718376,49.66193453734216,1318.112554661057
2026-06-30 07:10:00,ZONE_NORTH,Afternoon,275.0907525230939,51.73656427220564,1101.0929230811926
2026-06-30 07:26:00,ZONE_NORTH,Morning,257.7162659530609,47.44454304513377,770.8453931965456
2026-06-30 07:38:00,ZONE_EAST,Morning,269.68728632188254,54.97805067809729,1094.23363376728
2026-06-30 07:40:00,ZONE_NORTH,Morning,271.98383741295726,57.66377813639119,710.0924648384643
2026-06-30 07:46:00,ZONE_EAST,Afternoon,178.92325207121934,45.5634564865148,1172.6769954815336
2026-06-30 07:50:00,ZONE_EAST,Morning,125.56001307744737,54.06589195332281,646.7931022196553
2026-06-30 08:00:00,ZONE_WEST,Afternoon,201.3355479851749,53.28725887577759,740.2140959407395
2026-06-30 08:02:00,ZONE_EAST,Morning,185.68266245800808,51.36100523065706,909.5918294691112
2026-06-30 08:06:00,ZONE_WEST,Night,238.7872818994237,56.62316915618649,812.9822936079736
2026-06-30 08:12:00,ZONE_SOUTH,Night,181.17218632963844,49.46388080027861,984.2310558324324
2026-06-30 08:16:00,ZONE_NORTH,Night,160.95759260652454,57.24637169864525,921.698073239716
2026-06-30 08:18:00,ZONE_SOUTH,Morning,225.70366226217084,50.943497104856085,1244.9183712264337
2026-06-30 08:26:00,ZONE_SOUTH,Night,138.62445618651935,58.89335062924253,631.3611992660219
2026-06-30 08:30:00,ZONE_CENTRAL,Afternoon,133.48675014998616,45.484628223985936,752.5998330325216
2026-06-30 08:32:00,ZONE_WEST,Morning,219.20505722851755,50.324061543944566,1006.8033020906872
2026-06-30 08:38:00,ZONE_SOUTH,Morning,122.27651579666656,51.31765942414725,640.7608686349308
2026-06-30 08:44:00,ZONE_NORTH,,145.92358661831037,51.26325504715855,1104.565065672807
2026-06-30 08:46:00,ZONE_NORTH,Morning,238.3239094827559,52.45238470009801,634.9597793000147
2026-06-30 08:52:00,ZONE_WEST,Morning,219.42153729181263,51.07866747368643,1249.0715833612096
2026-06-30 08:56:00,ZONE_EAST,Afternoon,241.10137722448567,47.25079776858842,613.3648735292527
2026-06-30 09:06:00,ZONE_SOUTH,Morning,264.3510864195805,58.07280528800837,773.1681391178317
2026-06-30 09:08:00,ZONE_WEST,Morning,121.90471501565604,51.45583670979172,906.0113795778382
2026-06-30 09:10:00,ZONE_SOUTH,Morning,199.76231375824912,45.524667030939376,1067.1547151950112
2026-06-30 09:16:00,ZONE_EAST,Afternoon,156.0731818780254,54.17284965150753,993.3289004305788
2026-06-30 09:18:00,ZONE_CENTRAL,Morning,130.38387475707597,0.0,859.1953567630444
2026-06-30 09:24:00,ZONE_NORTH,Night,219.59768619299675,57.00639505783913,752.2200737869516
2026-06-30 09:26:00,ZONE_WEST,Morning,153.68626349405486,55.68738068682742,722.1086330646755
2026-06-30 09:28:00,ZONE_WEST,Night,174.1986020725571,53.70456097795302,878.1413386516
2026-06-30 09:40:00,ZONE_SOUTH,Morning,147.95189622734375,54.97934346123128,1308.4989804459117
2026-06-30 09:42:00,ZONE_EAST,Afternoon,172.06479397273395,52.23609949831652,1161.5630218628692
2026-06-30 09:46:00,ZONE_SOUTH,Morning,221.4104649967912,46.4028511791413,1015.0379899969182
2026-06-30 09:54:00,ZONE_EAST,Morning,158.0182720311428,55.71980098254437,1109.4206840287738
2026-06-30 09:56:00,ZONE_WEST,Afternoon,205.6733294334946,49.92621895955162,950.9671211940206
2026-06-30 10:02:00,ZONE_SOUTH,Afternoon,239.1063542456908,58.91311215144459,1217.6168102653596
2026-06-30 10:04:00,ZONE_CENTRAL,,253.50045818502525,46.3701829450656,819.121976855155
2026-06-30 10:06:00,ZONE_WEST,Night,176.2615957340558,55.97121504900528,1378.9925603459185
2026-06-30 10:18:00,ZONE_CENTRAL,Afternoon,245.38212834365385,50.947554895799215,1050.9707315126082
2026-06-30 10:20:00,ZONE_EAST,Morning,168.29425923960247,58.94577913422871,645.3708773064885
2026-06-30 10:26:00,ZONE_EAST,Afternoon,251.1169154720995,55.747001834595984,695.221262354457
2026-06-30 10:28:00,ZONE_WEST,Morning,241.8221864167916,49.84907477360918,927.5966798331824
2026-06-30 10:32:00,ZONE_NORTH,Morning,121.29354824480174,52.06004890072223,736.3878911168568
2026-06-30 10:36:00,ZONE_WEST,Morning,160.96711782018048,55.54085769934928,931.2444729910508
2026-06-30 10:38:00,ZONE_NORTH,Afternoon,139.18294194317974,54.23852017202499,1207.621068790744
2026-06-30 10:46:00,ZONE_NORTH,Afternoon,126.14934284821815,54.78937908939922,810.7223910451078
2026-06-30 10:50:00,ZONE_WEST,Afternoon,253.5779068906233,49.39527878940804,1346.753463807925
2026-06-30 10:52:00,ZONE_EAST,Morning,167.0224133118907,46.578702522973416,881.6598183565175
2026-06-30 10:56:00,ZONE_SOUTH,Morning,128.39874943248478,49.93628672261906,767.516660595993
2026-06-30 11:08:00,ZONE_SOUTH,Morning,198.97164692303696,52.18157008798371,1248.3300905127894
2026-06-30 11:12:00,ZONE_EAST,Night,163.38405778835514,58.7009402946705,1152.194744073355
2026-06-30 11:16:00,ZONE_EAST,Night,254.7160040650034,54.692809254829,715.4245205509993
2026-06-30 11:28:00,ZONE_WEST,Afternoon,253.54696348635284,58.35147418983736,1213.1864714582275
2026-06-30 11:32:00,ZONE_EAST,Night,124.97513951088897,56.65825085493482,1255.8754813805872
2026-06-30 11:34:00,ZONE_NORTH,Morning,193.8241905320922,51.59091207647543,972.8272956000296
2026-06-30 11:46:00,ZONE_EAST,Morning,214.1292431008945,47.40087190353083,1221.8878627495135
2026-06-30 11:54:00,ZONE_SOUTH,Afternoon,170.77957329079226,59.98645198050535,862.6754757227558
2026-06-30 11:56:00,ZONE_WEST,Night,274.04085558789217,51.79526349084591,779.7555934242846
2026-06-30 12:00:00,ZONE_NORTH,Night,175.4401419785192,57.69866974530221,743.461085339674
2026-06-30 12:10:00,ZONE_CENTRAL,Morning,120.1739231687892,59.45900501359755,1011.9903042767172
2026-06-30 12:16:00,ZONE_EAST,Afternoon,178.55942532638974,57.98589560015504,738.0825833929038
2026-06-30 12:18:00,ZONE_CENTRAL,Morning,252.67122256255013,57.761761254146506,1201.2058884567275
2026-06-30 12:22:00,ZONE_EAST,Afternoon,125.44712099204234,57.58228464102511,716.1309666890181
2026-06-30 12:34:00,ZONE_SOUTH,Afternoon,153.287927716016,59.93219910735242,713.617635296923
2026-06-30 12:38:00,Z_NORTH,Afternoon,221.84484950623735,47.548124099373055,1065.428668098794
2026-06-30 12:50:00,ZONE_EAST,Morning,159.33413402888283,55.86547189648387,882.1152249093834
2026-06-30 12:54:00,ZONE_SOUTH,Afternoon,189.80410490233064,48.309272292840205,982.0768150611132
2026-06-30 13:22:00,ZONE_CENTRAL,Morning,156.0927910657752,50.42179534446059,849.7509894178404
2026-06-30 13:30:00,ZONE_EAST,Morning,256.50325064937465,54.24385912973248,1068.7073040416872
2026-06-30 13:34:00,ZONE_WEST,Afternoon,169.0558522439801,48.89125473387449,855.5418868676319
2026-06-30 13:36:00,ZONE_SOUTH,Afternoon,253.4844638488729,55.14448222767786,1199.4620109459645
2026-06-30 13:48:00,ZONE_WEST,Night,235.926507849757,45.00702063431693,1202.225314368684
2026-06-30 13:50:00,ZONE_SOUTH,Night,223.2219398297153,51.50424529149534,637.0212084121993
2026-06-30 13:54:00,ZONE_EAST,Night,167.29585999758058,53.90776046917675,684.243614198278
2026-06-30 13:56:00,ZONE_SOUTH,Morning,271.200925281389,49.51641355435504,1260.271180419467
2026-06-30 14:08:00,ZONE_WEST,Afternoon,129.37003368327655,57.52036876787573,989.4745326676492
2026-06-30 14:14:00,ZONE_EAST,Afternoon,236.99421119940496,57.87932349136496,1236.5082337387737
2026-06-30 14:16:00,ZONE_SOUTH,Afternoon,226.2935751139645,46.64397261412073,1213.4201596207909
2026-06-30 14:20:00,ZONE_NORTH,Afternoon,222.38890999208397,45.51273333862375,999.6472081238315
2026-06-30 14:26:00,ZONE_CENTRAL,Afternoon,122.11700467097891,52.68039106094378,1376.3896725096515
2026-06-30 14:28:00,ZONE_NORTH,Night,229.51601630055643,56.502869955677134,1066.5293691469888
2026-06-30 14:32:00,ZONE_WEST,Afternoon,233.09965528695017,59.94194216565218,1126.2059720209618
2026-06-30 14:42:00,ZONE_WEST,Afternoon,252.22380379914136,45.91640239564637,1364.933427597908
2026-06-30 14:44:00,ZONE_EAST,Morning,161.90867917571666,56.77559543756949,1099.9893202210706
2026-06-30 14:50:00,ZONE_CENTRAL,Morning,174.37232394775182,49.08119578565962,1327.8005749050994
2026-06-30 14:54:00,ZONE_WEST,Night,194.09888543207205,57.087069256506304,1038.997332370734
2026-06-30 15:02:00,ZONE_SOUTH,Afternoon,266.69997262781106,51.68412655634455,775.426198190662
2026-06-30 15:04:00,ZONE_NORTH,Morning,256.1284162639221,45.45991889589191,1233.8816501649246
2026-06-30 15:10:00,ZONE_SOUTH,Morning,248.12534613982285,57.590259714430765,962.4054509547672
2026-06-30 15:18:00,ZONE_CENTRAL,Night,254.7964861122504,52.09649669004945,631.4095368292593
2026-06-30 15:20:00,ZONE_WEST,Night,215.4626248629976,45.53821030967255,1053.1113836616205
2026-06-30 15:32:00,ZONE_NORTH,Afternoon,123.01956073449684,57.44011252612365,1052.0218738854442
2026-06-30 15:38:00,ZONE_NORTH,Morning,274.8751112832408,55.78591446558447,825.4302207392194
2026-06-30 15:40:00,NAN,Night,171.20885680887653,48.90644307240321,765.4711477455495
2026-06-30 15:46:00,ZONE_NORTH,Night,122.79490084464042,46.33191134260688,1100.8450707434592
2026-06-30 15:48:00,ZONE_CENTRAL,Morning,150.77969476199507,59.345823936061,1014.0790599003506
2026-06-30 16:00:00,ZONE_NORTH,Afternoon,142.24946012702873,52.17978508970592,670.294268694263
2026-06-30 16:02:00,ZONE_CENTRAL,Morning,155.0368367826492,45.13784575107479,711.5178139730751
2026-06-30 16:04:00,ZONE_CENTRAL,Night,212.4420907996332,58.20724092611519,815.432774067677
2026-06-30 16:10:00,ZONE_CENTRAL,Night,141.6364561528262,53.24281009682491,826.8734130631093
2026-06-30 16:14:00,ZONE_CENTRAL,Afternoon,150.52069275892222,46.00616519292453,970.3261507237733
2026-06-30 16:24:00,ZONE_NORTH,Afternoon,170.1461383765872,49.88450485463976,687.6049444161312
2026-06-30 16:28:00,ZONE_EAST,Morning,122.9677113159052,50.333698545763816,1064.787444861486
2026-06-30 16:36:00,ZONE_SOUTH,Afternoon,215.70257045928523,54.80878313549504,1059.542077805821
2026-06-30 16:38:00,ZONE_WEST,Morning,189.79998587357065,59.15183941875621,610.4588956843578
2026-06-30 16:44:00,ZONE_SOUTH,Night,218.22333475326616,50.47099152485334,943.1559982482638
2026-06-30 16:50:00,ZONE_WEST,Afternoon,191.2177655552205,51.49476898105572,1018.4543659261824
2026-06-30 16:52:00,ZONE_EAST,Afternoon,221.46060973868848,49.91306170298917,1330.5743882213146
2026-06-30 16:56:00,ZONE_WEST,Morning,237.2838743781853,56.26140444694184,1110.1226271055184
2026-06-30 17:06:00,ZONE_NORTH,Morning,187.93153629445712,45.395331511018455,797.1935635466818
2026-06-30 17:08:00,ZONE_EAST,Morning,253.56842687272,58.52358086521562,1358.6026282826415
2026-06-30 17:10:00,ZONE_EAST,Morning,128.5358391279777,57.10582848767236,1150.9815591053753
2026-06-30 17:16:00,ZONE_NORTH,Afternoon,198.19298694265632,59.58280628897008,1368.6050279931765
2026-06-30 17:18:00,ZONE_CENTRAL,Night,262.3941928219597,55.64317241198872,1313.964366517947
2026-06-30 17:22:00,ZONE_SOUTH,Morning,167.51121535257153,51.06692562173458,848.6319416813844
2026-06-30 17:24:00,ZONE_EAST,Afternoon,246.6381411751612,54.848190740351264,794.4505532100095
2026-06-30 17:26:00,ZONE_CENTRAL,Night,135.91854938597962,56.74448660258999,1057.6794608402056
2026-06-30 17:30:00,ZONE_SOUTH,Night,228.0728988837201,59.93019836065902,1207.529157509505
2026-06-30 17:50:00,ZONE_CENTRAL,Morning,231.1662397758056,48.12074796002946,770.1536486161039
2026-06-30 17:54:00,ZONE_NORTH,Afternoon,215.12774121786515,54.85737123174623,1361.0574263294725
2026-06-30 17:56:00,ZONE_EAST,Afternoon,214.30021962369875,47.55831587276558,753.2207084359113
2026-06-30 18:20:00,ZONE_CENTRAL,Morning,264.1161296198373,53.80039912247888,1331.2541555767898
2026-06-30 18:22:00,ZONE_CENTRAL,Morning,135.81968462020845,57.40947407330682,1259.3300311296211
2026-06-30 18:24:00,ZONE_EAST,Morning,138.73715704084444,47.83653892720271,733.370489293542
2026-06-30 18:30:00,ZONE_NORTH,Morning,273.56399708261097,58.07386788522862,1234.4515949271608
2026-06-30 18:32:00,ZONE_WEST,Night,208.6709914584637,50.13128427797326,1370.04222452906
2026-06-30 18:34:00,ZONE_NORTH,Afternoon,232.8570138168673,47.73785019716212,785.0413495580758
2026-06-30 18:38:00,ZONE_CENTRAL,Afternoon,241.29176022732787,51.56086978515053,1005.7535104145052
2026-06-30 18:40:00,ZONE_NORTH,Night,182.9169116756604,58.84416115540414,786.135336021812
2026-06-30 18:52:00,ZONE_CENTRAL,Afternoon,223.69853508555127,51.24659835950275,1170.7051279085988
2026-06-30 18:58:00,ZONE_SOUTH,Morning,195.16937006126415,55.838149263204286,1005.859319344762
2026-06-30 19:00:00,ZONE_NORTH,Morning,209.7530399195434,49.93014832552236,654.5994445481981
2026-06-30 19:02:00,ZONE_CENTRAL,Night,142.8160086127505,50.98902256584761,1338.725285054716
2026-06-30 19:10:00,ZONE_NORTH,Morning,164.690900650125,58.3160338474752,1280.1203981685126
2026-06-30 19:26:00,ZONE_WEST,Morning,144.70639109439878,48.30954739003428,1326.117012790664
2026-06-30 19:30:00,ZONE_NORTH,Morning,206.44707882757865,51.74804115760975,887.8475818149068
2026-06-30 19:32:00,ZONE_CENTRAL,Afternoon,155.67591808159713,45.655076259139136,894.020667712437
2026-06-30 19:44:00,ZONE_CENTRAL,Morning,186.84985326424004,59.15886991915456,1395.2100288745748
2026-06-30 19:48:00,ZONE_SOUTH,Night,131.36017272086244,57.03946037047134,1047.4780900342932
2026-06-30 19:50:00,ZONE_CENTRAL,Afternoon,206.7527021950904,45.04654657311914,1132.1586960233465
2026-06-30 19:56:00,ZONE_EAST,Afternoon,159.9488620768818,51.00096717786056,796.6038170622264
2026-06-30 20:00:00,ZONE_WEST,Afternoon,270.91748533551504,53.4928593940286,1362.8591663247066
2026-06-30 20:02:00,ZONE_EAST,Morning,235.66640846766967,47.98496485676412,1188.5734776839502
2026-06-30 20:08:00,ZONE_EAST,Morning,247.81972978944395,57.428168748716686,858.0049511902558
2026-06-30 20:18:00,ZONE_SOUTH,Afternoon,198.35286307167965,52.15714046243343,615.1769171926014
2026-06-30 20:22:00,ZONE_NORTH,Afternoon,231.5189174513281,59.68330988348987,813.4574133912477
2026-06-30 20:30:00,ZONE_NORTH,Night,260.748912743967,47.5140271303134,690.1061763291854
2026-06-30 20:40:00,ZONE_SOUTH,Afternoon,200.44539372351548,47.78545263900242,893.3391771633599
2026-06-30 20:46:00,ZONE_SOUTH,Morning,268.9809880910159,53.57359517371903,852.0587692910658
2026-06-30 20:54:00,ZONE_CENTRAL,Afternoon,180.5042581267938,55.38456394695682,687.290115348462
2026-06-30 20:58:00,ZONE_WEST,Morning,247.9986676088856,54.63808170547772,1352.301848669328
2026-06-30 21:02:00,ZONE_EAST,Afternoon,184.51671562892733,49.90822797349228,680.7327868435356
2026-06-30 21:04:00,ZONE_WEST,Morning,233.3954405997735,46.49202191445913,1377.373391252841
2026-06-30 21:06:00,ZONE_NORTH,Afternoon,201.15800883320912,57.82349223966936,717.6800084026377
2026-06-30 21:08:00,ZONE_WEST,Night,248.64364632306092,55.982870025989655,1213.0765802283424
2026-06-30 21:24:00,ZONE_SOUTH,Night,135.24039278469203,48.91978968118852,1300.6992468803562
2026-06-30 21:34:00,ZONE_SOUTH,Night,176.45505893976002,45.69982189944676,884.9369379534996
2026-06-30 21:46:00,ZONE_CENTRAL,Night,136.31493903406775,54.68722872691012,1070.3918865922087
2026-06-30 21:48:00,ZONE_EAST,Afternoon,131.68938336524502,58.0933450299932,1255.5996663592146
2026-06-30 21:52:00,ZONE_WEST,Morning,168.25545719134777,59.72672001024377,1240.2003636744091
2026-06-30 22:00:00,ZONE_NORTH,Night,258.43052977702325,57.97813686472671,1223.6728768060352
2026-06-30 22:04:00,ZONE_SOUTH,Afternoon,233.9287253905964,49.56345241756389,897.2651502813608
2026-06-30 22:06:00,ZONE_SOUTH,Morning,254.7155389931673,50.2002782093108,1264.9245236448096
2026-06-30 22:14:00,ZONE_SOUTH,Morning,155.6398032437926,47.98452962629429,792.5956375771032
2026-06-30 22:18:00,ZONE_NORTH,Afternoon,198.4560705689057,45.10214353072255,675.6124010800553
2026-06-30 22:22:00,ZONE_EAST,Morning,173.68443061598373,52.72817939527405,776.0795101404408
2026-06-30 22:26:00,ZONE_NORTH,Morning,139.65439661713668,49.1734021147633,1357.0569421316336
2026-06-30 22:28:00,ZONE_CENTRAL,Afternoon,133.5428171539602,45.05733594588121,810.5209893873696
2026-06-30 22:32:00,ZONE_CENTRAL,Morning,137.75300176549388,51.21733215702957,742.5028062906049
2026-06-30 22:38:00,ZONE SOUTH,Morning,150.10350835350545,46.67752057210269,1099.356880631585
2026-06-30 22:48:00,ZONE_WEST,Afternoon,178.61256395180135,51.56333140864622,957.524073442806
2026-06-30 22:50:00,ZONE_SOUTH,Afternoon,125.88444683729438,53.85474237967814,1353.3876239057795
2026-06-30 22:52:00,ZONE_CENTRAL,Night,264.6932556052064,51.19244962387304,917.57732993138
2026-06-30 22:54:00,ZONE_WEST,Afternoon,140.44695812125153,57.09476135103753,947.3608223819516
2026-06-30 22:58:00,ZONE_NORTH,Afternoon,211.5012141225776,51.59786643032753,1223.2092176262777
2026-06-30 23:02:00,ZONE_NORTH,Afternoon,199.28393972989517,55.768396764575925,1398.293619930858
2026-06-30 23:06:00,ZONE_CENTRAL,Afternoon,123.72593271081313,45.26369621355756,1385.8026277063996
2026-06-30 23:08:00,ZONE_CENTRAL,Afternoon,176.87357630146218,53.92459834154667,1360.151693597919
2026-06-30 23:12:00,ZONE_CENTRAL,Morning,201.6110702321133,48.8684200789537,963.3004606816334
2026-06-30 23:40:00,ZONE_WEST,Night,161.22498828915116,56.64027177516658,936.8962274332029
2026-06-30 23:42:00,ZONE_EAST,Morning,267.6281325638786,47.31065195888274,1027.425396182654
2026-06-30 23:44:00,ZONE_CENTRAL,Night,140.67963103827617,46.78887716607871,1162.6504651742212
2026-06-30 23:46:00,ZONE_EAST,Morning,170.93043202156423,53.19651922106157,1156.038300559416
2026-06-30 23:48:00,ZONE_CENTRAL,Afternoon,128.7659595079862,54.31652217012447,886.0616807662502
2026-06-30 23:52:00,ZONE_EAST,Afternoon,262.6020238264637,53.59384046545016,1049.7905542707415
2026-06-30 23:56:00,ZONE_EAST,Afternoon,270.0404824818374,53.45018923242327,1196.3442135727803
2026-06-30 23:58:00,ZONE_EAST,Afternoon,140.56063656019353,52.51506155764584,912.3319882924452
2026-07-01 00:10:00,ZONE_EAST,Afternoon,177.95653823018563,55.28854715006514,835.6098043502136
2026-07-01 00:12:00,ZONE_SOUTH,Night,154.79393337462204,59.13746217961737,766.7179841729359
2026-07-01 00:14:00,ZONE_CENTRAL,Morning,268.6086431996464,53.55341022668522,609.710397453407
2026-07-01 00:22:00,ZONE_CENTRAL,Afternoon,166.93697279903802,55.19271271859047,1017.4522584410884
2026-07-01 00:26:00,ZONE_SOUTH,Night,131.205539781085,55.23814660999721,1206.950043718619
2026-07-01 00:28:00,ZONE_NORTH,Morning,246.5892267822295,51.01246205071052,1132.3131774129174
2026-07-01 00:30:00,ZONE_WEST,Night,216.29621161884867,58.992349947487774,837.7046503641154
2026-07-01 00:34:00,ZONE_SOUTH,Night,193.34032626218573,50.68007275217592,1264.976530245911
2026-07-01 00:40:00,ZONE_CENTRAL,Night,192.00456192299,56.72562041032282,1102.2974247488842
2026-07-01 00:44:00,ZONE_CENTRAL,Night,165.05188573688486,54.13241702500713,1072.6144476611862
2026-07-01 00:46:00,ZONE_SOUTH,Afternoon,132.41529311618385,59.45046916281579,939.7709413413758
2026-07-01 00:48:00,ZONE_EAST,Morning,143.21431146226212,45.8788228321003,1067.134702833852
2026-07-01 01:06:00,ZONE_CENTRAL,Afternoon,200.742790025449,51.68788517872545,1332.763267977586
2026-07-01 01:16:00,ZONE_EAST,Morning,204.22380733844372,53.62765471891542,722.94465915107
2026-07-01 01:18:00,ZONE_SOUTH,Afternoon,228.53761436526432,52.02575330155466,1092.6688846813204
2026-07-01 01:20:00,ZONE_WEST,Afternoon,165.78979946946143,55.13514379431805,1077.1363956991738
2026-07-01 01:42:00,ZONE_WEST,Morning,180.91128570837503,46.21266417340622,683.6203048160796
2026-07-01 02:00:00,ZONE_CENTRAL,Afternoon,132.32511999745822,0.0,1273.3520767694122
2026-07-01 02:20:00,ZONE_WEST,Morning,178.28560020717322,51.845665989842566,1028.63380945249
2026-07-01 02:30:00,ZONE_CENTRAL,Morning,165.1565753788978,48.37562986280764,830.8632324942173
2026-07-01 02:40:00,ZONE_EAST,Afternoon,135.699019824082,59.774402824465554,1184.7844201145824
2026-07-01 02:46:00,ZONE_WEST,Afternoon,165.70639821547567,50.04210435809628,1258.9380758083296
2026-07-01 02:48:00,ZONE_EAST,Night,258.36271873475164,54.39434771994402,875.0722430877779
2026-07-01 02:52:00,ZONE_SOUTH,Afternoon,127.1896723924362,52.81933625454012,807.3528168861508
2026-07-01 02:54:00,ZONE_CENTRAL,Afternoon,146.89449365647604,51.00535383320102,1213.691648943999
2026-07-01 02:56:00,ZONE_CENTRAL,Afternoon,138.79551044365743,47.32791080521148,904.5815759662192
2026-07-01 03:00:00,ZONE_CENTRAL,Morning,275.2300358890036,56.55773671859414,614.7212437441444
2026-07-01 03:02:00,ZONE_NORTH,Night,208.26483980647305,56.61282415734264,708.4967676036766
2026-07-01 03:04:00,ZONE_SOUTH,Morning,194.89798247278827,53.24912549720622,891.9794677620548
2026-07-01 03:10:00,ZONE_EAST,Night,225.77886837528396,53.3312543450032,640.6656788272986
2026-07-01 03:16:00,ZONE_WEST,Afternoon,215.10550140945168,59.95360343861808,773.005183382362
2026-07-01 03:22:00,ZONE_NORTH,Afternoon,151.48987991364913,52.82193593424409,1179.8916922723022
2026-07-01 03:30:00,ZONE_CENTRAL,Afternoon,181.43027568596145,57.95584111084205,972.9566441896336
2026-07-01 03:36:00,ZONE_CENTRAL,Night,141.5454658215131,55.63513941540391,745.1249152017524
2026-07-01 03:44:00,ZONE_WEST,Afternoon,240.521526175331,59.2630199713149,1176.7565389366607
2026-07-01 03:46:00,ZONE_CENTRAL,Night,241.72712146454367,54.30497784037499,967.466796488926
2026-07-01 03:52:00,ZONE_NORTH,Night,275.82966495811115,52.331734542376864,1387.732395564561
2026-07-01 04:12:00,ZONE_EAST,Afternoon,248.83969391415013,54.1760250678609,813.1159332967758
2026-07-01 04:14:00,ZONE_EAST,Afternoon,163.9123280327699,52.33637854469403,1174.7123916828916
2026-07-01 04:18:00,ZONE_SOUTH,Morning,253.34261025673663,53.0265646675377,975.7382823814178
2026-07-01 04:26:00,ZONE_EAST,Night,214.6652904837873,52.89365672765157,952.8212988124538
2026-07-01 04:28:00,ZONE_WEST,Morning,169.68044040791733,48.71911970051304,1321.7033538346093
2026-07-01 04:30:00,ZONE_SOUTH,Morning,279.10896040684213,48.01732278413982,1285.292102651297
2026-07-01 04:36:00,ZONE_CENTRAL,Morning,262.8067780051032,45.12497398589487,1109.0458180962526
2026-07-01 04:44:00,ZONE_NORTH,Afternoon,125.86944086312675,54.9327393209937,1393.4854361981668
2026-07-01 04:46:00,ZONE_WEST,Morning,188.69120685666823,59.91010880268692,1061.074410385279
2026-07-01 04:52:00,ZONE_WEST,Morning,269.7394067143133,51.1530630689421,744.0178454912676
2026-07-01 04:54:00,ZONE_SOUTH,Afternoon,258.82304526592,54.7119305811069,759.401898619664
2026-07-01 04:58:00,ZONE_NORTH,Night,133.54035128321445,51.04052469708425,791.3600329354646
2026-07-01 05:10:00,ZONE_SOUTH,Afternoon,222.30794242825132,59.15643298732269,1154.4237351186953
2026-07-01 05:14:00,ZONE_SOUTH,Night,225.94768197177163,57.92564825039306,980.4422736019044
2026-07-01 05:22:00,ZONE_CENTRAL,Night,202.29134918254584,59.7520353960919,1116.2452242179593
2026-07-01 05:24:00,ZONE_SOUTH,Morning,247.75912536425,53.203254310655,892.5249396894849
2026-07-01 05:28:00,ZONE_WEST,,144.19893410351457,48.65396908682324,773.1766906316963
2026-07-01 05:34:00,ZONE_NORTH,Night,151.24373331954573,50.20890463832555,872.9455291266929
2026-07-01 05:36:00,ZONE_SOUTH,Afternoon,126.79660266108814,49.15741291889209,1198.0135173980052
2026-07-01 05:44:00,ZONE_SOUTH,Afternoon,168.8405806560709,59.552084337293394,1022.7943117512943
2026-07-01 05:48:00,ZONE_CENTRAL,Afternoon,232.704887066012,52.149249463809085,782.7463862023828
2026-07-01 05:50:00,ZONE_NORTH,Night,233.95067652051264,59.53293934295006,1162.5825865830184
2026-07-01 05:52:00,ZONE_SOUTH,Night,135.14965995646764,56.65229785097951,801.8893453964157
2026-07-01 05:56:00,ZONE_WEST,Night,238.2950932728488,51.51011544856655,1022.801032894802
2026-07-01 06:06:00,ZONE_NORTH,Morning,227.2322606945002,48.00992070711732,1213.4642736059147
2026-07-01 06:10:00,ZONE_SOUTH,Afternoon,213.97990402012945,48.79572669743408,975.9920710548696
2026-07-01 06:14:00,ZONE_CENTRAL,Night,241.4483216107373,56.242174846952736,614.9021508195138
2026-07-01 06:16:00,ZONE_SOUTH,Night,130.8681302986088,56.49063323966992,1132.9579945026253
2026-07-01 06:18:00,ZONE_CENTRAL,Afternoon,227.70571724484228,48.07066948579923,1070.1746267203346
2026-07-01 06:20:00,ZONE_NORTH,Afternoon,279.55272125610867,57.40951445762938,1097.9425216557258
2026-07-01 06:26:00,ZONE_EAST,Morning,164.45111915286088,47.66662205103293,1264.237049015398
2026-07-01 06:36:00,ZONE_WEST,Afternoon,145.6614614149874,58.68905781219466,1311.063553774359
2026-07-01 06:38:00,ZONE_EAST,,234.47311285757064,51.96204445460139,604.6450087273942
2026-07-01 07:04:00,ZONE_WEST,Morning,188.82973868456207,48.990684904885605,1129.048680039515
2026-07-01 07:14:00,ZONE_CENTRAL,Morning,140.89991729225463,48.12822627644379,787.3285920813336
2026-07-01 07:16:00,ZONE_EAST,Morning,158.75770561212914,49.86475945452972,1391.319928533338
2026-07-01 07:20:00,ZONE_EAST,Morning,260.3966713454132,47.71029131114408,933.0092742794932
2026-07-01 07:24:00,ZONE_SOUTH,Night,245.91371631766543,56.26600445180742,1300.814135720621
2026-07-01 07:32:00,ZONE_SOUTH,Afternoon,238.35250151165087,53.56158767079863,1094.6504651009468
2026-07-01 07:36:00,NAN,,221.44486281680537,48.7435652828969,1131.2629902736585
2026-07-01 07:38:00,ZONE_WEST,Afternoon,254.9843610445596,53.09123070157504,1022.4514924868596
2026-07-01 07:40:00,ZONE_NORTH,Night,161.78029557783293,57.39608909349074,1262.1019034897158
2026-07-01 07:44:00,ZONE_CENTRAL,Morning,218.549121133867,45.98857517553933,756.0215880175009
2026-07-01 07:48:00,ZONE_WEST,Night,188.2305272467891,47.83214054851687,1163.0953031516929
2026-07-01 07:52:00,ZONE_NORTH,Night,177.8212178504868,48.24358513314336,1225.5473128224637
2026-07-01 07:56:00,ZONE_SOUTH,Night,220.16952503085264,50.65259893611027,822.8664378393207
2026-07-01 08:04:00,ZONE_CENTRAL,Night,178.4005592933949,56.61443651232781,688.845706160014
2026-07-01 08:16:00,ZONE_CENTRAL,Night,210.29427570914777,49.71948833297581,1113.0727691919972
2026-07-01 08:20:00,ZONE_WEST,Night,163.68191928640508,58.92795928854642,744.660264921899
2026-07-01 08:22:00,ZONE_NORTH,Afternoon,220.2318989164978,49.05341936530388,617.5208607410943
2026-07-01 08:38:00,ZONE_EAST,Afternoon,236.25676230042603,46.814856890952925,891.9828323749974
2026-07-01 08:42:00,ZONE_EAST,Night,234.61904881824697,47.806477448439615,807.3545193501323
2026-07-01 08:44:00,ZONE_CENTRAL,Night,192.7055602050342,55.74471828375197,1158.883742649151
2026-07-01 09:12:00,ZONE_EAST,Night,255.9461404217448,55.92945677855791,632.4800815364797
2026-07-01 09:14:00,ZONE_CENTRAL,Morning,273.3520570323933,56.34412109038531,849.704978792444
2026-07-01 09:22:00,ZONE_WEST,Morning,215.95266184171916,58.65338403324873,1010.6709656211264
2026-07-01 09:30:00,ZONE_WEST,Afternoon,247.311845227438,58.90367528919052,886.1554900424051
2026-07-01 09:42:00,ZONE_NORTH,Afternoon,230.70096738939995,51.803260530693215,1274.1773280345274
2026-07-01 09:44:00,ZONE_NORTH,Morning,226.09008786067076,59.691757904606725,1004.8841191258668
2026-07-01 09:48:00,ZONE_EAST,Morning,135.35292079145438,56.33310954446506,790.9432854995049
2026-07-01 09:52:00,ZONE_SOUTH,Morning,273.17069620648834,55.52601038409317,1360.34171970411
2026-07-01 10:04:00,ZONE_NORTH,Night,257.0515043774937,46.272081632786815,1059.105272612206
2026-07-01 10:08:00,ZONE_WEST,Night,261.4227580065768,46.56787341822972,952.3618522570096
2026-07-01 10:12:00,ZONE_EAST,Afternoon,140.85253833435078,46.96124985462725,637.2555758899498
2026-07-01 10:14:00,ZONE_SOUTH,Morning,138.36735471970624,47.84800393897993,1008.5134788232468
2026-07-01 10:20:00,ZONE_EAST,Night,158.86179785996626,52.87764692979566,1039.1703274367171
2026-07-01 10:38:00,ZONE_CENTRAL,Afternoon,257.06448252901,54.438071567781066,743.6117618268793
2026-07-01 10:40:00,ZONE_EAST,Afternoon,214.97811465110144,51.74085104329912,1380.1307039318149
2026-07-01 10:42:00,ZONE_NORTH,Morning,202.8803738234535,58.68075299911481,770.6961257242356
2026-07-01 10:44:00,ZONE_NORTH,Afternoon,238.9406663960985,51.57596090881238,735.2426641339205
2026-07-01 10:46:00,ZONE_EAST,Afternoon,250.4933024376461,56.36651222819496,889.8812949675743
2026-07-01 10:54:00,ZONE_CENTRAL,Afternoon,243.46639012363235,59.74896021103172,867.4710243321886
2026-07-01 10:56:00,ZONE_EAST,Morning,202.86514570244577,52.781198996002125,781.2229161815994
2026-07-01 11:02:00,ZONE_WEST,Night,266.54250155787247,50.56619338072895,913.1991988908449
2026-07-01 11:10:00,ZONE_WEST,Night,240.21948328568044,50.386357064967406,1138.494370521841
2026-07-01 11:32:00,ZONE_CENTRAL,Afternoon,255.1862536029205,55.912683150536814,823.0423699088241
2026-07-01 11:40:00,ZONE_NORTH,Morning,177.62107004381988,48.16906151523679,729.716002854596
2026-07-01 11:50:00,ZONE_WEST,Afternoon,263.6988133765698,53.93709266998677,1211.951391737531
2026-07-01 11:52:00,ZONE_EAST,Morning,246.8915253317532,57.38680800360638,693.2165978331011
2026-07-01 11:56:00,ZONE_WEST,Night,187.5448263883968,53.96762795357596,1106.486033119072
2026-07-01 12:04:00,ZONE_NORTH,Night,228.67159285636475,47.43127369938679,1161.1593103876958
2026-07-01 12:06:00,ZONE_WEST,Morning,259.71903131861137,49.32490429184246,693.6451671716693
2026-07-01 12:12:00,ZONE_WEST,Afternoon,188.97312743735847,46.59710635220685,678.1971865116819
2026-07-01 12:18:00,ZONE_WEST,Morning,231.24462421878565,58.865749865621154,812.8768739276386
2026-07-01 12:20:00,ZONE_CENTRAL,Night,249.20040401821169,57.75415082459503,952.5995202972612
2026-07-01 12:24:00,ZONE_SOUTH,Morning,144.21775222271097,52.86931465712721,1341.663524034909
2026-07-01 12:26:00,ZONE_EAST,Morning,136.5269548084229,51.41670821730437,989.9809157227533
2026-07-01 12:28:00,ZONE_SOUTH,Night,211.65740025896636,53.52714116893132,1053.402332090242
2026-07-01 12:34:00,ZONE_SOUTH,Morning,274.8480394788812,58.239147751527184,1198.4956855481855
2026-07-01 12:36:00,ZONE_WEST,Afternoon,235.82762739089048,51.938479924592514,993.7098109249356
2026-07-01 12:38:00,ZONE_SOUTH,Morning,185.88603827324107,53.36776670514482,841.6583206313358
2026-07-01 12:42:00,ZONE_EAST,Night,125.45531165652324,54.8414090485692,1357.3248247086758
2026-07-01 12:46:00,SOUTH ZONE,Night,254.03820152284223,49.15565417657256,1215.393903340365
2026-07-01 12:48:00,ZONE_SOUTH,Morning,233.2324207279494,46.29474136022081,820.9677061321672
2026-07-01 12:50:00,ZONE_EAST,Afternoon,184.94204041675607,48.53512983843616,793.2476057731211
2026-07-01 12:58:00,ZONE_NORTH,Afternoon,207.89832823108296,58.45186165079031,951.1439548663714
2026-07-01 13:00:00,ZONE_CENTRAL,Afternoon,131.3073543512169,53.507125120387975,974.3891738339186
2026-07-01 13:08:00,ZONE_SOUTH,Afternoon,235.1982769652359,58.90135450641395,1226.321159564879
2026-07-01 13:10:00,ZONE_WEST,Morning,133.5951739891599,45.23587760147147,1268.0101372602269
2026-07-01 13:12:00,ZONE_WEST,Afternoon,137.04186192508823,46.40126611762467,1354.301717722792
2026-07-01 13:20:00,ZONE_SOUTH,Afternoon,246.6520154228786,57.016394351471874,966.7608487593304
2026-07-01 13:26:00,ZONE_CENTRAL,Night,251.38273463955363,48.86793542185349,625.3019605477199
2026-07-01 13:36:00,ZONE_CENTRAL,,162.27902988995396,59.49649008907522,1240.842219818263
2026-07-01 13:48:00,ZONE_SOUTH,Night,249.0500211408645,52.60503590756325,1059.8209965378169
2026-07-01 13:50:00,ZONE_WEST,Night,167.44152002274097,58.303843375838696,1160.638769246431
2026-07-01 13:52:00,ZONE_NORTH,Morning,201.6221667056643,49.3518338552382,934.2539614248994
2026-07-01 14:00:00,ZONE_CENTRAL,Afternoon,231.34213722857103,52.19135323908176,778.3289430637311
2026-07-01 14:06:00,ZONE_WEST,Morning,124.82581944109424,57.10899184312876,1277.8525929527195
2026-07-01 14:12:00,ZONE_SOUTH,Morning,127.8115267080592,45.869632313466994,1396.224193051164
2026-07-01 14:14:00,ZONE_CENTRAL,Afternoon,166.7958453157692,54.57819256342008,1361.2033696281278
2026-07-01 14:26:00,ZONE_NORTH,Afternoon,193.29323034811688,52.38508826949261,1381.6414875633882
2026-07-01 14:30:00,ZONE_NORTH,Afternoon,123.86124459080858,53.271262372964806,701.1723025299744
2026-07-01 14:34:00,ZONE_CENTRAL,Night,236.90752195838013,52.248464694848295,1242.2664354001658
2026-07-01 14:36:00,ZONE_CENTRAL,Afternoon,278.94177792458703,48.642154012378576,894.995827453328
2026-07-01 14:38:00,ZONE_SOUTH,Afternoon,228.6050710778955,55.04400894826138,1126.876144950777
2026-07-01 14:40:00,ZONE_CENTRAL,Night,157.0952250479946,56.39719222100457,990.5275826217774
2026-07-01 14:44:00,ZONE_CENTRAL,Morning,222.54668394305207,51.43533470968236,1209.01142497999
2026-07-01 14:56:00,ZONE_EAST,Afternoon,184.69995193133124,45.897878686471294,954.6986038711466
2026-07-01 15:02:00,ZONE_WEST,Morning,211.985694113137,46.40780008560712,1318.5231117006074
2026-07-01 15:08:00,ZONE_WEST,Afternoon,140.0609965882369,45.96150786665636,701.352487124154
2026-07-01 15:12:00,ZONE_WEST,Night,125.08626392882204,45.422674882952535,1336.288251131088
2026-07-01 15:18:00,ZONE_EAST,Afternoon,209.84393580370323,54.50417987932104,664.4130821268266
2026-07-01 15:20:00,ZONE_CENTRAL,Morning,221.91321888332797,55.16716296974387,1114.771635301187
2026-07-01 15:22:00,ZONE_CENTRAL,Morning,275.59752996418547,45.016925142406095,1337.215353869937
2026-07-01 15:24:00,Z_SOUTH,Morning,130.92253853688015,47.65404687951924,839.9707607051929
2026-07-01 15:26:00,ZONE_SOUTH,Night,186.8668295730301,46.79553646308352,1063.3124005707514
2026-07-01 15:34:00,ZONE_SOUTH,Afternoon,235.83748243970425,59.10980050068368,902.9897178083512
2026-07-01 15:40:00,ZONE_WEST,Afternoon,227.3779997399097,57.17241105919693,1097.3301609628925
2026-07-01 15:44:00,ZONE_CENTRAL,Night,213.79818752478312,47.630710793383024,615.8050633486457
2026-07-01 15:56:00,ZONE_CENTRAL,Afternoon,131.14765830777404,45.6904394198896,1255.4096037776233
2026-07-01 16:02:00,ZONE_CENTRAL,Afternoon,239.27238616112328,46.780754056464,1337.266507248421
2026-07-01 16:08:00,ZONE_SOUTH,Night,171.94863301404817,56.59581968205485,1348.45453661288
2026-07-01 16:22:00,ZONE_CENTRAL,Afternoon,176.0303049169351,50.52123660786546,788.0488040080331
2026-07-01 16:24:00,ZONE_EAST,Morning,138.98759873148865,46.546535447124,1047.0360923444816
2026-07-01 16:26:00,ZONE_CENTRAL,Morning,124.6368944399962,50.47605622789571,908.2005746895376
2026-07-01 16:28:00,ZONE_NORTH,Night,138.05910682349153,56.43352578655716,967.7687747586948
2026-07-01 16:30:00,ZONE_CENTRAL,Night,188.99932658884435,55.13424249792428,723.1650416989046
2026-07-01 16:36:00,ZONE_CENTRAL,Night,255.94804918417995,46.55247924107388,1318.0467279089312
2026-07-01 16:38:00,ZONE_SOUTH,Afternoon,190.018500598136,46.39463625268103,1088.1224671193108
2026-07-01 16:40:00,ZONE_NORTH,Night,274.91648815387896,48.62352008482663,998.6138056006024
2026-07-01 16:42:00,ZONE_NORTH,Afternoon,272.664907110992,59.12324629603464,1170.2717505194405
2026-07-01 16:44:00,ZONE NORTH,Morning,243.7241956266904,45.24731803854918,1087.0826001777618
2026-07-01 16:48:00,ZONE_CENTRAL,Afternoon,233.13537218577784,59.42678657237211,752.0710337313626
2026-07-01 16:54:00,ZONE_EAST,Morning,175.26723202828776,55.03891261919418,1331.7896479268193
2026-07-01 16:56:00,ZONE_SOUTH,Morning,240.46881056077785,51.28334590515639,996.2774772489388
2026-07-01 16:58:00,ZONE_SOUTH,Morning,187.92979811304917,56.1221422385355,707.8472016011052
2026-07-01 17:00:00,ZONE_WEST,Night,253.97238941192288,45.07052727807622,1251.966373994322
2026-07-01 17:02:00,ZONE_NORTH,,260.422219454044,49.800518221031226,1068.1321492026782
2026-07-01 17:06:00,ZONE_CENTRAL,Morning,251.75212931033172,53.91227369601141,970.0189051284722
2026-07-01 17:10:00,ZONE_EAST,Night,173.47147384589584,51.71326085459236,619.1915259836167
2026-07-01 17:16:00,ZONE_EAST,Morning,212.6828527320319,57.88528571265231,749.7097668782571
2026-07-01 17:18:00,ZONE_NORTH,Morning,212.59121259482345,58.22956574263861,949.0445047657316
2026-07-01 17:26:00,ZONE_WEST,Night,170.84168109199268,47.44719523673626,1355.9622014578702
2026-07-01 17:28:00,ZONE_EAST,Night,157.1495653552467,59.97676707609188,705.312492702608
2026-07-01 17:30:00,ZONE_SOUTH,Morning,260.60002221351897,53.29250692970966,880.6180676809036
2026-07-01 17:36:00,ZONE_CENTRAL,Morning,125.6968362426414,47.033306568533945,928.0499587828564
2026-07-01 17:38:00,ZONE_NORTH,Morning,248.7252153188998,56.719541490504255,699.2347993874914
2026-07-01 17:40:00,ZONE_EAST,Night,218.48136884240688,47.00863859683228,608.2088227235963
2026-07-01 17:52:00,ZONE_SOUTH,Night,192.50507908880425,50.80846746858682,1071.9059607336246
2026-07-01 17:54:00,ZONE_CENTRAL,Afternoon,144.99905828030668,56.6761436262526,1163.154353445473
2026-07-01 17:56:00,ZONE_WEST,Afternoon,273.2043564497354,57.17098600690623,662.591913947421
2026-07-01 17:58:00,ZONE_EAST,Night,244.59810510802623,46.20233248807994,1045.0459764917432
2026-07-01 18:00:00,ZONE_WEST,Night,237.87558824022344,46.45092938759963,820.8992627585101
2026-07-01 18:06:00,ZONE_SOUTH,Afternoon,187.73383079462107,57.26593285714472,1328.4829614197747
2026-07-01 18:12:00,ZONE_SOUTH,Morning,154.43723713691725,59.66068814218481,814.5720982084074
2026-07-01 18:14:00,ZONE_EAST,Morning,171.84447290141568,54.11041612373153,829.245619316102
2026-07-01 18:16:00,ZONE_EAST,Night,203.10875663476932,49.073493663991975,636.82702524909
2026-07-01 18:20:00,ZONE_CENTRAL,Morning,254.16558522459783,52.22260066700899,651.0629516725263
2026-07-01 18:22:00,ZONE_SOUTH,Night,213.39716002562,47.785930797051904,1371.1326324686638
2026-07-01 18:26:00,ZONE_EAST,Night,271.4403874245136,46.58283847245415,738.5188489490353
2026-07-01 18:32:00,ZONE_NORTH,Afternoon,217.9279394317045,51.10787241786243,846.1178596950731
2026-07-01 18:34:00,ZONE_EAST,Night,180.3032027016342,51.89816345793843,823.4038247315624
2026-07-01 18:38:00,ZONE_SOUTH,Morning,191.4558882157803,59.26263029351175,1330.2990743811706
2026-07-01 19:00:00,ZONE_CENTRAL,Night,249.5339633295285,59.91726274266445,862.9321048843562
2026-07-01 19:04:00,ZONE_WEST,Night,255.46478616036703,52.88140345871853,1313.13066767809
2026-07-01 19:08:00,ZONE_SOUTH,Night,216.61557842900345,53.858077617068375,1276.249425064084
2026-07-01 19:10:00,ZONE_SOUTH,Afternoon,189.9813187988784,45.050271815752446,1168.618946533438
2026-07-01 19:14:00,ZONE_NORTH,Night,267.8123530183444,57.24060964858215,801.0485613783821
2026-07-01 19:16:00,ZONE_CENTRAL,Morning,222.2631580997033,52.86528169864009,1345.0220849106206
2026-07-01 19:18:00,ZONE_SOUTH,Afternoon,251.3251918676646,55.72586923863104,652.2451813359443
2026-07-01 19:20:00,ZONE_WEST,Afternoon,129.44053343985604,58.2179079047459,1234.937028244519
2026-07-01 19:24:00,ZONE_EAST,Morning,150.22801069425992,47.77406684074386,742.3119734823686
2026-07-01 19:26:00,ZONE_SOUTH,Afternoon,161.04326837212926,47.10692624821804,663.5223640821437
2026-07-01 19:28:00,ZONE_EAST,Morning,128.5328109130794,56.7164306215229,911.6380111191504
2026-07-01 19:30:00,ZONE_EAST,Afternoon,274.4640187158494,56.83064524788384,911.4591373812168
2026-07-01 19:32:00,ZONE_NORTH,Afternoon,256.32173591814023,49.7058491125694,783.9659074455883
2026-07-01 19:36:00,ZONE_WEST,Morning,255.5545868416024,56.361146728111294,919.6114384374528
2026-07-01 19:38:00,ZONE_NORTH,Morning,196.72488843540623,46.0422221118028,928.0911065641258
2026-07-01 19:44:00,ZONE_CENTRAL,Morning,200.41071628630365,53.36729011653896,1089.003605138206
2026-07-01 19:46:00,ZONE_EAST,Night,148.09996501261412,51.51488912657391,616.34653285722
2026-07-01 20:02:00,ZONE_NORTH,Morning,234.9236531458924,49.89383004629304,1199.920210129762
2026-07-01 20:06:00,ZONE_WEST,Afternoon,219.41440342855188,50.46267706813202,1223.445320950745
2026-07-01 20:08:00,ZONE_NORTH,Afternoon,203.43817947294232,45.66557856807801,858.1298931978724
2026-07-01 20:12:00,ZONE_NORTH,Afternoon,198.67401175841152,54.53694801981422,983.5858222493582
2026-07-01 20:14:00,ZONE_EAST,Night,140.43884216683026,45.08028183355896,1341.090375534409
2026-07-01 20:20:00,ZONE_SOUTH,Afternoon,207.98534194034585,54.55439518532901,1164.594196958003
2026-07-01 20:22:00,ZONE_EAST,Night,172.95406469735173,55.51159889421677,1062.062127905575
2026-07-01 20:24:00,ZONE_CENTRAL,Night,147.03554400606245,54.62151573220201,801.2251123319807
2026-07-01 20:26:00,ZONE_CENTRAL,Night,194.67445158462436,52.78224644757088,831.3607099928038
2026-07-01 20:30:00,ZONE_NORTH,Afternoon,173.77735827538288,51.81326537479478,960.2775594642628
2026-07-01 20:34:00,ZONE_SOUTH,Morning,194.49899117407395,48.09280978688749,611.05238117757
2026-07-01 20:50:00,ZONE_NORTH,Afternoon,130.8084612764055,48.71789865814825,1208.60895006709
2026-07-01 20:52:00,ZONE_EAST,Night,125.26520367695548,45.64320345623624,732.9458274587355
2026-07-01 20:54:00,ZONE_WEST,Afternoon,216.82275148845883,51.74238688224887,734.3051427015223
2026-07-01 20:56:00,ZONE_SOUTH,Morning,219.0635417678704,49.723870278667135,763.0276436327015
2026-07-01 21:04:00,ZONE_EAST,Morning,269.7556973135148,55.11469201312562,1032.419087151079
2026-07-01 21:06:00,ZONE_CENTRAL,Morning,135.21041972112968,51.18430146948167,1213.7370641374469
2026-07-01 21:08:00,ZONE_CENTRAL,Night,227.843679102975,53.26191879075584,1042.9384333436888
2026-07-01 21:14:00,ZONE_SOUTH,Morning,201.714125911205,55.1806646614588,1172.2365294859717
2026-07-01 21:22:00,ZONE_SOUTH,Afternoon,244.16354855043917,54.31658243556134,886.4929732034161
2026-07-01 21:26:00,ZONE_EAST,Afternoon,154.01995989816118,48.86659068662684,854.6054221064965
2026-07-01 21:28:00,ZONE_NORTH,Morning,179.960146588175,58.40612570489283,1399.6145051323624
2026-07-01 21:34:00,ZONE_EAST,Afternoon,171.6269020015551,52.92308480234527,1015.2857469613084
2026-07-01 21:36:00,NAN,Afternoon,211.4542264474751,53.72368513625864,639.9695717374719
2026-07-01 21:56:00,ZONE_WEST,Morning,146.97658582120678,47.5923930261545,1200.4504788707773
2026-07-01 21:58:00,ZONE_SOUTH,Afternoon,246.60763932543128,58.6869193074736,1302.8952445639834
2026-07-01 22:02:00,ZONE_EAST,Morning,211.1720763731414,52.86041155231675,862.1626790760952
2026-07-01 22:10:00,ZONE_WEST,Morning,126.54193559850712,59.89081032506709,890.9344907497384
2026-07-01 22:12:00,ZONE_CENTRAL,Afternoon,132.48509930461685,48.20914250870823,1233.5170899158395
2026-07-01 22:14:00,ZONE_EAST,Morning,261.55592053033035,59.4665961014438,852.887185201713
2026-07-01 22:16:00,ZONE_NORTH,Afternoon,250.4883606451405,52.28270046297158,802.3622810668566
2026-07-01 22:26:00,ZONE_CENTRAL,Night,236.58277179470403,49.39859312526825,961.6101973551818
2026-07-01 22:28:00,ZONE_SOUTH,Morning,223.313655159302,55.66865944669284,849.5600073486528
2026-07-01 22:30:00,ZONE_WEST,Afternoon,277.7191523216047,55.3884441626532,1284.7206105204127
